Industry,Contract_Plan,Billing_Cycle,Onboarding_Tier,Monthly_Contract_Value,Tenure_Months,Licensed_Seats,Active_Seats,Support_Tickets,Unresolved_Bugs,API_Calls_Monthly,Churn
HealthTech,Startup,Monthly,Self-Serve,1143.0,53,25,16,5,3,34529.0,0
Media,Enterprise,Monthly,Self-Serve,8480.41,72,23,19,2,1,48885.0,0
EdTech,Custom,Annual,Assisted,4571.94,36,23,10,3,1,28619.0,0
E-Commerce,Startup,Annual,Self-Serve,323.26,43,15,3,4,2,37854.0,0
FinTech,Enterprise,Monthly,Assisted,1861.38,4,19,11,3,0,222821.0,0
FinTech,Growth,Monthly,Assisted,1340.07,32,23,21,2,0,19973.0,0
FinTech,Custom,Quarterly,Assisted,2703.99,22,20,16,3,1,12196.0,0
Logistics,Growth,Monthly,Assisted,711.07,59,24,11,2,0,29755.0,0
E-Commerce,Enterprise,Monthly,Assisted,656.11,15,20,5,2,1,37151.0,0
EdTech,Startup,Monthly,Self-Serve,753.96,1,23,16,1,0,4476.0,0
FinTech,Startup,Monthly,Self-Serve,823.74,16,24,20,3,2,81988.0,0
Media,Startup,Annual,Assisted,2678.54,20,23,16,1,1,27414.0,0
Logistics,Custom,Monthly,Self-Serve,490.77,4,28,15,1,1,26652.0,0
FinTech,Enterprise,Monthly,Assisted,789.01,9,22,6,1,1,53770.0,0
FinTech,Enterprise,Quarterly,Assisted,292.76,16,21,19,2,2,74194.0,0
FinTech,Custom,Annual,Assisted,3152.81,8,21,8,5,2,213222.0,0
HealthTech,Startup,Monthly,Assisted,3945.68,8,21,7,2,2,9529.0,1
E-Commerce,Growth,Monthly,Assisted,1014.33,2,27,23,3,1,21198.0,0
HealthTech,Startup,Monthly,,1039.76,50,12,11,5,3,9212.0,0
HealthTech,Startup,Annual,,1968.92,24,16,11,1,0,106371.0,0
E-Commerce,Startup,Quarterly,Assisted,4690.57,1,19,13,3,1,39758.0,1
FinTech,Growth,Annual,Assisted,1895.65,26,28,12,1,1,95676.0,0
HealthTech,Startup,Multi-Year,Dedicated-CSM,740.33,24,16,3,2,1,210742.0,0
HealthTech,Startup,Annual,Assisted,338.32,1,16,5,2,0,39948.0,0
E-Commerce,Startup,Annual,Assisted,519.12,8,30,20,1,0,6287.0,0
EdTech,Startup,Quarterly,Assisted,1425.44,16,15,4,3,1,22413.0,0
FinTech,Custom,Monthly,Assisted,767.37,10,21,19,3,2,1843.0,0
E-Commerce,Enterprise,Multi-Year,Self-Serve,1580.86,27,27,9,3,1,94624.0,0
E-Commerce,Custom,Monthly,Dedicated-CSM,837.16,9,19,11,1,0,902.0,0
FinTech,Growth,Monthly,Self-Serve,544.89,3,22,13,3,2,44847.0,0
E-Commerce,Startup,Annual,Assisted,492.51,67,19,12,1,1,5610.0,0
FinTech,Enterprise,Monthly,Assisted,5054.33,4,16,7,4,1,379.0,1
FinTech,Startup,Quarterly,Dedicated-CSM,2851.61,22,23,20,3,2,14796.0,0
Media,Startup,Quarterly,Self-Serve,5830.98,2,24,13,1,0,40132.0,0
Media,Startup,Monthly,Assisted,2119.55,7,24,18,4,1,3903.0,1
Logistics,Startup,Annual,Assisted,929.37,10,20,14,0,0,47711.0,0
HealthTech,Startup,Monthly,Self-Serve,4125.08,3,22,6,4,2,55736.0,1
FinTech,Growth,Monthly,Self-Serve,1302.31,10,21,14,2,0,174827.0,0
EdTech,Growth,Quarterly,Assisted,1616.01,3,21,13,2,0,114898.0,0
HealthTech,Startup,Annual,Assisted,1291.55,14,18,16,2,0,41827.0,0
FinTech,Startup,Annual,Self-Serve,150.0,19,24,21,2,2,78840.0,0
E-Commerce,Enterprise,Monthly,Assisted,5239.73,1,31,9,1,1,22600.0,1
FinTech,Startup,Annual,Assisted,2033.17,36,23,6,2,1,44060.0,0
Media,Startup,Monthly,Assisted,1772.86,3,20,8,1,0,25822.0,0
HealthTech,Enterprise,Multi-Year,Dedicated-CSM,1270.91,4,17,16,1,0,20552.0,0
EdTech,Startup,Monthly,Assisted,1539.04,19,20,4,1,1,65031.0,1
HealthTech,Startup,Annual,Dedicated-CSM,806.18,11,11,8,2,0,17596.0,0
E-Commerce,Growth,Monthly,Dedicated-CSM,2262.2,12,29,19,3,1,23946.0,0
E-Commerce,Startup,Monthly,Self-Serve,440.97,2,20,14,1,1,22878.0,0
FinTech,Growth,Quarterly,Self-Serve,1568.94,29,18,6,2,0,102166.0,0
Media,Enterprise,Annual,Assisted,2158.86,17,23,8,2,0,9341.0,0
EdTech,Startup,Quarterly,Assisted,1131.31,2,23,12,0,0,24021.0,0
Media,Growth,Multi-Year,Assisted,1835.8,8,23,6,2,1,109405.0,0
Logistics,Growth,Quarterly,Assisted,576.73,29,15,3,1,1,771.0,0
E-Commerce,Startup,Quarterly,Assisted,589.37,15,26,7,2,1,147698.0,0
Media,Growth,Monthly,Assisted,1637.96,2,24,15,0,0,114582.0,0
FinTech,Startup,Annual,Self-Serve,2384.55,8,20,10,3,1,27051.0,0
FinTech,Growth,Monthly,Dedicated-CSM,272.15,5,21,9,0,0,52925.0,0
FinTech,Startup,Annual,Self-Serve,2087.49,13,17,7,1,0,,0
HealthTech,Growth,Multi-Year,Dedicated-CSM,844.11,33,19,6,2,1,40478.0,0
HealthTech,Startup,Multi-Year,Self-Serve,1136.96,10,19,10,0,0,5096.0,0
HealthTech,Enterprise,Quarterly,Dedicated-CSM,428.98,10,16,5,3,2,96085.0,0
Logistics,Startup,Annual,Self-Serve,649.45,42,23,17,1,1,7202.0,0
HealthTech,Growth,Annual,Self-Serve,3044.85,15,28,8,3,2,14871.0,0
HealthTech,Growth,Monthly,Self-Serve,1377.37,15,17,16,4,3,103382.0,1
E-Commerce,Enterprise,Annual,Assisted,967.43,5,15,4,4,2,14788.0,0
FinTech,Growth,Monthly,Dedicated-CSM,1213.16,16,26,24,0,0,68341.0,0
Logistics,Growth,Quarterly,Assisted,2030.08,15,19,16,3,1,29681.0,0
FinTech,Enterprise,Monthly,Dedicated-CSM,1947.73,9,25,18,1,0,71304.0,0
Media,Enterprise,Monthly,Assisted,1256.68,72,27,25,1,0,13221.0,0
EdTech,Startup,Monthly,Assisted,3391.46,38,20,6,1,1,27199.0,0
FinTech,Growth,Monthly,Dedicated-CSM,3056.1,24,16,5,3,1,19148.0,0
FinTech,Enterprise,Annual,Self-Serve,1903.34,13,19,7,0,0,14320.0,0
Logistics,Custom,Monthly,Self-Serve,1403.07,11,20,7,2,1,18875.0,0
EdTech,Enterprise,Quarterly,Dedicated-CSM,2341.91,3,19,8,0,0,19504.0,0
EdTech,Growth,Monthly,Dedicated-CSM,1749.57,6,19,12,3,2,155477.0,1
EdTech,Startup,Quarterly,Dedicated-CSM,3300.01,26,26,5,5,1,38096.0,0
FinTech,Growth,Annual,Dedicated-CSM,2877.36,10,21,10,2,1,31000.0,0
HealthTech,Enterprise,Quarterly,Self-Serve,563.68,38,23,9,1,1,34990.0,0
FinTech,Growth,Annual,Dedicated-CSM,532.15,2,14,9,3,3,277738.0,1
Logistics,Growth,Monthly,Assisted,738.0,12,12,11,3,1,53006.0,0
E-Commerce,Enterprise,Annual,Dedicated-CSM,3070.88,18,11,6,1,1,60783.0,0
HealthTech,Growth,Monthly,Assisted,350.77,13,22,11,2,0,18816.0,0
FinTech,Enterprise,Quarterly,Assisted,1873.46,39,18,8,3,0,31889.0,0
HealthTech,Growth,Annual,Assisted,1822.86,72,19,15,4,1,10171.0,0
HealthTech,Startup,Monthly,Self-Serve,3598.42,2,27,6,1,0,57789.0,0
EdTech,Growth,Annual,Self-Serve,1561.32,2,25,24,1,0,21117.0,0
E-Commerce,Enterprise,Annual,Dedicated-CSM,427.64,2,30,16,3,0,68974.0,0
Logistics,Startup,Monthly,Dedicated-CSM,592.62,20,24,10,1,0,11987.0,0
E-Commerce,Startup,Monthly,Self-Serve,490.44,8,20,19,3,1,25834.0,0
FinTech,Custom,Monthly,Assisted,847.89,23,25,23,1,0,31856.0,0
EdTech,Startup,Multi-Year,Assisted,1146.57,9,19,13,1,0,9108.0,0
EdTech,Growth,Annual,Assisted,497.39,17,18,3,0,0,3607.0,0
E-Commerce,Growth,Monthly,Self-Serve,4675.37,26,16,12,0,0,19068.0,0
EdTech,Growth,Monthly,Dedicated-CSM,434.2,14,20,9,2,0,39361.0,0
E-Commerce,Growth,Quarterly,Assisted,4205.67,13,15,7,2,1,52875.0,0
E-Commerce,Startup,Annual,Assisted,3667.95,1,17,5,1,0,27693.0,0
HealthTech,Growth,Monthly,Assisted,2874.28,9,24,14,0,0,34685.0,0
FinTech,Growth,Monthly,Self-Serve,742.7,14,22,17,4,1,39175.0,0
FinTech,Growth,Annual,Assisted,1791.99,11,31,12,1,1,35863.0,0
FinTech,Startup,Monthly,Self-Serve,452.25,41,23,21,3,3,4734.0,0
E-Commerce,Growth,Monthly,Self-Serve,2905.24,42,20,7,1,0,25960.0,0
HealthTech,Startup,Multi-Year,Assisted,1257.79,31,19,4,0,0,11429.0,0
E-Commerce,Startup,Annual,Dedicated-CSM,945.84,8,20,14,0,0,38150.0,0
Media,Startup,Monthly,Assisted,473.34,22,16,14,1,0,70957.0,0
FinTech,Startup,Monthly,Self-Serve,163.06,9,16,15,3,0,43314.0,0
HealthTech,Enterprise,Monthly,Assisted,554.04,4,15,12,1,1,12540.0,0
EdTech,Startup,Monthly,Dedicated-CSM,3449.13,7,17,6,1,0,11644.0,0
FinTech,Custom,Annual,Assisted,951.07,1,16,15,2,1,1885.0,0
FinTech,Custom,Monthly,Dedicated-CSM,1159.88,7,24,22,2,1,27789.0,0
HealthTech,Growth,Annual,Assisted,2338.4,11,18,5,1,1,28358.0,0
FinTech,Startup,Multi-Year,Assisted,6215.61,56,26,16,3,0,13488.0,0
Media,Growth,Monthly,Self-Serve,4130.91,6,28,18,1,1,72251.0,1
Logistics,Enterprise,Monthly,Self-Serve,586.11,41,18,9,2,1,24428.0,0
E-Commerce,Growth,Quarterly,Self-Serve,256.93,4,26,25,0,0,55343.0,0
Logistics,Startup,Multi-Year,Assisted,9953.43,3,19,4,5,1,51092.0,1
Logistics,Growth,Annual,Dedicated-CSM,9215.51,13,28,19,3,0,46411.0,0
FinTech,Enterprise,Monthly,Dedicated-CSM,1572.13,20,16,5,6,3,119334.0,0
Logistics,Enterprise,Annual,Self-Serve,454.9,1,16,9,1,1,801.0,0
E-Commerce,Startup,Quarterly,Self-Serve,3037.36,4,16,13,1,0,3523.0,0
Logistics,Growth,Multi-Year,Self-Serve,1221.96,10,14,5,1,0,64032.0,0
Logistics,Startup,Monthly,Self-Serve,1216.78,7,22,11,0,0,21811.0,0
HealthTech,Startup,Quarterly,Assisted,2864.9,22,11,10,4,2,215336.0,1
FinTech,Enterprise,Annual,Dedicated-CSM,1779.73,12,14,11,0,0,12194.0,0
FinTech,Startup,Monthly,Dedicated-CSM,488.85,3,22,14,3,1,10131.0,0
HealthTech,Startup,Quarterly,Assisted,1016.35,40,18,6,4,1,44364.0,0
Logistics,Startup,Monthly,Dedicated-CSM,2349.55,6,21,11,3,0,16385.0,0
Logistics,Enterprise,Monthly,Assisted,2066.71,23,20,16,2,1,20813.0,1
FinTech,Enterprise,Monthly,,1673.57,27,14,11,0,0,126931.0,0
E-Commerce,Growth,Multi-Year,Assisted,2961.38,59,16,6,2,0,1330.0,0
HealthTech,Enterprise,Monthly,Assisted,984.9,12,18,13,3,1,37885.0,0
FinTech,Startup,Quarterly,Assisted,1559.11,17,26,7,1,0,20391.0,0
FinTech,Growth,Annual,Self-Serve,150.0,7,20,4,1,1,21232.0,0
HealthTech,Growth,Monthly,Self-Serve,913.97,20,19,12,2,0,14238.0,0
Media,Startup,Quarterly,Self-Serve,2563.98,11,14,5,0,0,7243.0,0
HealthTech,Growth,Annual,Dedicated-CSM,961.18,10,24,6,0,0,1755.0,0
E-Commerce,Custom,Annual,Assisted,901.18,34,25,19,5,2,219890.0,0
EdTech,Startup,Annual,Assisted,552.67,1,28,16,1,0,53994.0,0
HealthTech,Startup,Annual,Assisted,3142.77,38,24,20,7,3,75075.0,0
Media,Startup,Monthly,Self-Serve,2134.94,34,21,15,2,1,3361.0,0
Media,Startup,Multi-Year,Assisted,2701.61,12,26,20,4,0,747.0,0
HealthTech,Custom,Monthly,Dedicated-CSM,308.81,12,29,12,1,0,45851.0,0
E-Commerce,Growth,Annual,Assisted,1168.67,8,21,8,1,1,64337.0,0
HealthTech,Growth,Monthly,Dedicated-CSM,1055.64,72,13,8,3,1,25115.0,0
HealthTech,Enterprise,Multi-Year,Self-Serve,1055.23,2,24,8,2,1,24531.0,0
FinTech,Startup,Annual,Self-Serve,793.44,16,25,21,2,2,24264.0,0
E-Commerce,Growth,Annual,Dedicated-CSM,998.06,20,15,9,1,0,8288.0,0
E-Commerce,Growth,Monthly,Dedicated-CSM,2757.83,49,23,8,0,0,70104.0,0
FinTech,Growth,Monthly,Dedicated-CSM,263.51,27,22,15,1,0,12116.0,0
HealthTech,Custom,Annual,Assisted,6067.49,18,19,18,3,1,19608.0,0
Media,Enterprise,Annual,Dedicated-CSM,2020.83,2,29,7,2,0,55624.0,0
FinTech,Growth,Monthly,Dedicated-CSM,1292.09,8,21,6,4,2,100.0,1
FinTech,Enterprise,Multi-Year,Dedicated-CSM,2895.2,2,28,24,0,0,72677.0,0
E-Commerce,Startup,Annual,Assisted,389.92,38,22,6,0,0,114679.0,0
Media,Startup,Monthly,Self-Serve,761.28,24,21,4,3,0,2650.0,0
FinTech,Startup,Annual,Dedicated-CSM,1208.44,25,26,12,1,0,44778.0,0
EdTech,Startup,Quarterly,Assisted,4275.8,19,25,14,5,3,26251.0,1
EdTech,Growth,Quarterly,Assisted,1287.53,12,14,9,3,1,4086.0,0
FinTech,Growth,Monthly,Assisted,1963.62,2,20,12,4,3,57322.0,1
EdTech,Custom,Quarterly,Assisted,811.48,7,14,13,5,3,47379.0,0
HealthTech,Growth,Annual,Assisted,2025.99,2,23,18,2,1,51453.0,0
E-Commerce,Growth,Monthly,Self-Serve,5572.8,23,16,15,0,0,83965.0,0
E-Commerce,Startup,Annual,Dedicated-CSM,3121.9,3,17,9,2,0,16908.0,0
E-Commerce,Startup,Annual,Assisted,1249.83,21,20,5,1,0,56516.0,0
FinTech,Growth,Annual,Assisted,2378.36,21,18,17,1,0,67996.0,0
Logistics,Growth,Monthly,Self-Serve,2188.32,11,25,5,1,0,9245.0,0
HealthTech,Enterprise,Annual,Self-Serve,2060.28,2,19,15,7,1,157406.0,0
FinTech,Startup,Quarterly,Self-Serve,3446.66,6,14,3,3,3,20774.0,1
FinTech,Startup,Monthly,Assisted,3424.83,6,23,18,1,0,62537.0,0
E-Commerce,Growth,Monthly,Self-Serve,1202.21,21,22,20,2,0,70125.0,0
EdTech,Startup,Quarterly,Dedicated-CSM,2311.37,2,15,7,4,2,35062.0,1
FinTech,Startup,Annual,Self-Serve,967.17,31,21,8,3,0,6889.0,0
E-Commerce,Enterprise,Monthly,Self-Serve,611.18,25,21,8,3,0,16125.0,0
FinTech,Startup,Annual,Self-Serve,1065.21,3,25,14,4,0,13345.0,0
E-Commerce,Growth,Monthly,Self-Serve,1255.34,22,19,6,2,0,36557.0,0
FinTech,Startup,Quarterly,Assisted,326.25,19,27,19,1,0,,0
EdTech,Startup,Multi-Year,Dedicated-CSM,2782.99,24,27,13,5,1,39568.0,0
HealthTech,Growth,Annual,Assisted,150.0,3,18,8,1,0,16998.0,0
Media,Enterprise,Monthly,,13461.57,3,19,10,6,2,100.0,1
FinTech,Growth,Quarterly,Self-Serve,4801.09,4,17,10,3,1,22569.0,1
HealthTech,Enterprise,Monthly,Assisted,1072.92,8,14,4,2,1,46678.0,0
FinTech,Startup,Monthly,Dedicated-CSM,1350.21,28,17,13,1,0,74294.0,0
Media,Enterprise,Annual,Self-Serve,1732.86,24,23,20,4,0,1439.0,0
Logistics,Startup,Annual,Assisted,811.77,46,19,8,1,1,14941.0,0
HealthTech,Growth,Monthly,Assisted,1577.7,1,21,7,1,0,211550.0,0
EdTech,Growth,Multi-Year,Self-Serve,1185.12,1,22,17,1,0,15178.0,0
Logistics,Custom,Quarterly,Assisted,1236.29,21,21,7,4,3,75074.0,1
E-Commerce,Growth,Monthly,Self-Serve,1562.81,5,26,6,0,0,35604.0,0
E-Commerce,Startup,Quarterly,Assisted,438.56,7,20,13,1,0,6515.0,0
FinTech,Startup,Annual,Self-Serve,1385.25,14,11,4,3,3,51557.0,0
FinTech,Enterprise,Quarterly,Assisted,1539.07,1,19,6,2,0,169574.0,0
Logistics,Growth,Quarterly,Self-Serve,1494.46,18,16,15,0,0,108943.0,0
Media,Enterprise,Quarterly,Dedicated-CSM,1114.93,7,22,9,1,0,58606.0,0
E-Commerce,Startup,Monthly,Self-Serve,3523.39,18,29,26,2,0,35887.0,0
HealthTech,Startup,Annual,Dedicated-CSM,991.67,32,20,6,1,1,19234.0,0
HealthTech,Startup,Quarterly,Dedicated-CSM,1624.94,3,20,17,0,0,22078.0,0
EdTech,Custom,Monthly,Dedicated-CSM,4034.76,48,26,15,1,0,21248.0,0
Logistics,Growth,Annual,Assisted,1252.04,13,15,3,3,2,127605.0,0
Logistics,Custom,Multi-Year,Assisted,1607.27,46,20,15,1,0,11869.0,0
EdTech,Startup,Multi-Year,Self-Serve,1234.07,4,17,15,2,2,23743.0,0
E-Commerce,Growth,Monthly,Self-Serve,3834.38,16,22,7,3,1,28278.0,1
FinTech,Growth,Monthly,Assisted,1075.92,9,12,9,2,1,26289.0,0
FinTech,Startup,Quarterly,Self-Serve,3987.23,26,24,13,1,0,210.0,0
Logistics,Enterprise,Monthly,Dedicated-CSM,1226.54,16,26,20,4,1,15802.0,0
E-Commerce,Custom,Multi-Year,Self-Serve,645.13,12,30,23,2,0,34514.0,0
FinTech,Enterprise,Monthly,Assisted,2386.22,43,21,4,2,1,71459.0,1
FinTech,Enterprise,Monthly,Assisted,1033.84,8,22,7,1,0,42137.0,0
EdTech,Startup,Monthly,Assisted,2269.75,4,21,12,3,0,24295.0,0
FinTech,Startup,Monthly,Assisted,150.0,16,20,18,2,0,54702.0,0
FinTech,Custom,Annual,Self-Serve,1345.37,17,20,9,2,0,54815.0,0
E-Commerce,Startup,Quarterly,Assisted,906.27,10,17,11,3,1,14246.0,0
EdTech,Enterprise,Monthly,Self-Serve,542.52,12,21,4,1,1,5478.0,1
EdTech,Enterprise,Monthly,Dedicated-CSM,836.93,57,16,12,3,0,81274.0,0
FinTech,Growth,Quarterly,Assisted,822.5,23,27,18,3,1,37728.0,0
EdTech,Custom,Monthly,Dedicated-CSM,1285.9,2,15,11,3,2,9711.0,0
FinTech,Startup,Annual,Self-Serve,418.96,4,17,15,1,0,15195.0,0
HealthTech,Startup,Quarterly,Self-Serve,1752.56,66,18,5,5,3,72712.0,1
EdTech,Startup,Annual,Self-Serve,4278.18,23,24,9,3,2,52961.0,0
E-Commerce,Growth,Multi-Year,Self-Serve,1700.69,44,17,16,0,0,145173.0,0
Logistics,Startup,Multi-Year,Self-Serve,2664.15,6,21,6,0,0,31270.0,0
EdTech,Startup,Multi-Year,Assisted,3396.08,24,25,19,1,0,2680.0,0
E-Commerce,Enterprise,Monthly,Self-Serve,3831.52,22,32,24,3,2,60269.0,0
FinTech,Custom,Monthly,Assisted,6565.72,6,18,13,1,0,14713.0,0
HealthTech,Startup,Monthly,Dedicated-CSM,876.27,14,21,8,1,0,19567.0,0
HealthTech,Growth,Annual,Assisted,727.26,17,26,9,3,1,10948.0,0
FinTech,Custom,Multi-Year,Self-Serve,2606.97,11,25,18,3,2,18476.0,0
Media,Startup,Annual,Self-Serve,2445.55,31,16,5,0,0,88445.0,0
HealthTech,Startup,Monthly,Assisted,2589.77,32,22,16,2,1,42985.0,0
Logistics,Startup,Multi-Year,,6673.44,34,22,13,2,0,5779.0,0
E-Commerce,Growth,Monthly,Assisted,1352.44,29,24,12,3,2,44167.0,0
EdTech,Startup,Monthly,Self-Serve,1924.14,12,22,9,1,0,50196.0,0
E-Commerce,Custom,Monthly,Dedicated-CSM,582.12,8,29,27,3,2,108065.0,0
E-Commerce,Growth,Monthly,Assisted,8225.74,32,22,13,2,1,98179.0,1
E-Commerce,Growth,Quarterly,Assisted,1006.2,12,19,12,4,1,3247.0,0
FinTech,Startup,Monthly,Self-Serve,1030.72,5,30,28,1,0,100757.0,0
EdTech,Growth,Quarterly,Self-Serve,997.51,12,19,13,2,1,2611.0,0
HealthTech,Growth,Annual,Assisted,774.21,2,18,17,5,3,8369.0,0
FinTech,Enterprise,Annual,Assisted,720.52,21,22,6,1,0,5914.0,0
E-Commerce,Enterprise,Annual,Self-Serve,858.21,7,15,13,2,2,10026.0,0
FinTech,Growth,Monthly,Self-Serve,419.5,5,19,8,3,3,81294.0,1
Media,Custom,Annual,Self-Serve,687.1,56,20,16,6,3,,0
Media,Enterprise,Multi-Year,Assisted,7020.7,27,18,15,3,2,58072.0,0
Media,Enterprise,Monthly,Self-Serve,2503.15,27,16,6,4,2,127634.0,1
HealthTech,Startup,Quarterly,Assisted,2942.51,17,19,10,4,0,24867.0,0
FinTech,Startup,Monthly,Assisted,3643.24,32,17,13,2,1,165.0,0
Media,Startup,Monthly,Assisted,6367.83,25,23,6,2,1,51050.0,0
HealthTech,Growth,Annual,Dedicated-CSM,297.17,16,22,17,3,2,101276.0,0
Media,Growth,Annual,Dedicated-CSM,470.88,58,22,6,4,2,187030.0,0
Media,Growth,Monthly,Assisted,676.43,3,15,13,1,1,22619.0,0
Logistics,Enterprise,Annual,Self-Serve,898.5,51,29,12,1,1,86341.0,0
HealthTech,Enterprise,Annual,Assisted,1037.44,9,21,13,2,0,94599.0,0
HealthTech,Custom,Multi-Year,Assisted,916.05,13,18,5,4,0,7800.0,0
Logistics,Startup,Monthly,Assisted,1613.91,2,27,11,0,0,49916.0,1
HealthTech,Growth,Multi-Year,Assisted,1380.22,13,26,13,0,0,9506.0,0
FinTech,Startup,Monthly,Self-Serve,724.58,17,19,11,1,0,29586.0,0
E-Commerce,Startup,Quarterly,Assisted,210.77,72,29,5,8,3,105709.0,0
Media,Startup,Monthly,Self-Serve,575.97,66,22,20,1,1,77906.0,0
EdTech,Startup,Monthly,Assisted,839.79,61,18,3,4,2,42238.0,0
E-Commerce,Growth,Annual,Self-Serve,1085.7,7,23,18,3,2,82698.0,0
FinTech,Enterprise,Monthly,Assisted,512.75,72,19,10,5,1,8293.0,0
E-Commerce,Startup,Monthly,Self-Serve,882.55,10,25,15,2,0,10841.0,0
Media,Enterprise,Monthly,Assisted,512.17,34,26,9,0,0,11714.0,0
FinTech,Growth,Annual,Assisted,1203.58,4,21,14,4,2,74808.0,0
E-Commerce,Startup,Monthly,Self-Serve,538.01,12,8,5,3,1,110805.0,0
Logistics,Growth,Annual,Assisted,650.95,60,12,3,3,0,41372.0,0
EdTech,Startup,Monthly,Assisted,440.37,52,20,7,1,1,158471.0,0
EdTech,Growth,Monthly,Assisted,1175.59,20,17,4,2,1,65103.0,0
EdTech,Growth,Monthly,Self-Serve,641.31,28,18,4,4,1,41469.0,0
HealthTech,Startup,Quarterly,Assisted,2895.08,3,20,4,5,0,47285.0,0
HealthTech,Startup,Monthly,Assisted,1891.21,23,21,7,5,2,94701.0,0
Logistics,Growth,Monthly,Assisted,1262.22,17,13,9,1,0,4725.0,0
Logistics,Custom,Multi-Year,Assisted,680.03,1,21,9,3,1,9197.0,0
Logistics,Startup,Annual,Assisted,1850.93,2,18,8,2,0,15482.0,0
Media,Enterprise,Monthly,Self-Serve,2409.31,2,20,6,2,0,112583.0,0
E-Commerce,Growth,Monthly,Self-Serve,1512.15,23,20,13,1,0,144971.0,0
E-Commerce,Custom,Annual,Self-Serve,5235.13,2,23,10,2,0,22016.0,1
EdTech,Enterprise,Monthly,Self-Serve,1979.68,11,17,12,9,1,128757.0,0
E-Commerce,Growth,Monthly,Assisted,2911.91,7,21,16,3,2,39576.0,0
EdTech,Growth,Annual,Assisted,1500.47,14,20,13,4,0,32054.0,0
EdTech,Enterprise,Annual,Self-Serve,2378.71,22,24,10,2,1,89418.0,0
Logistics,Growth,Quarterly,Dedicated-CSM,680.44,20,20,12,2,1,39492.0,0
HealthTech,Startup,Monthly,Assisted,907.2,13,26,10,2,0,30301.0,0
HealthTech,Startup,Monthly,Dedicated-CSM,1802.55,11,22,20,2,0,805.0,0
FinTech,Enterprise,Annual,Assisted,1791.46,9,18,14,1,0,649.0,0
E-Commerce,Enterprise,Monthly,Assisted,2062.08,35,16,9,2,0,49388.0,0
FinTech,Startup,Quarterly,Self-Serve,3412.96,7,12,11,3,1,3813.0,0
E-Commerce,Growth,Quarterly,Self-Serve,398.93,5,22,14,1,1,66770.0,0
E-Commerce,Growth,Monthly,Self-Serve,585.06,24,23,10,4,0,48688.0,0
HealthTech,Startup,Multi-Year,Assisted,1628.05,8,18,4,2,1,30600.0,0
E-Commerce,Custom,Annual,Self-Serve,723.64,33,23,14,2,2,61860.0,0
FinTech,Startup,Annual,Assisted,20000.0,7,17,15,2,0,248604.0,1
FinTech,Startup,Monthly,Self-Serve,2076.34,21,19,16,4,0,14142.0,0
Logistics,Growth,Monthly,Dedicated-CSM,1253.15,1,16,10,3,1,40716.0,0
HealthTech,Enterprise,Quarterly,Self-Serve,864.24,8,23,11,4,3,92530.0,0
FinTech,Startup,Monthly,Self-Serve,890.57,7,34,24,3,0,851.0,0
E-Commerce,Growth,Multi-Year,Self-Serve,1374.19,30,22,17,1,0,11377.0,0
EdTech,Growth,Monthly,Assisted,1473.19,61,11,5,1,0,36798.0,0
FinTech,Startup,Quarterly,Self-Serve,908.51,11,20,11,4,1,40176.0,0
E-Commerce,Startup,Monthly,Assisted,1061.91,31,23,17,2,0,4514.0,0
FinTech,Growth,Annual,Self-Serve,4199.17,21,16,14,0,0,26164.0,0
FinTech,Startup,Monthly,Self-Serve,4345.21,61,14,11,4,1,36676.0,0
E-Commerce,Custom,Monthly,Dedicated-CSM,1659.43,29,23,5,1,1,27494.0,0
E-Commerce,Enterprise,Monthly,Self-Serve,428.35,1,25,7,1,1,60298.0,1
E-Commerce,Custom,Annual,Dedicated-CSM,2116.94,22,15,13,3,2,73781.0,0
EdTech,Startup,Monthly,Dedicated-CSM,5019.77,13,17,14,2,0,30834.0,1
Media,Custom,Multi-Year,Self-Serve,4291.17,1,19,9,3,0,27727.0,1
E-Commerce,Growth,Annual,Self-Serve,2500.54,5,18,12,3,1,61101.0,1
HealthTech,Startup,Monthly,Self-Serve,4487.54,45,22,20,2,1,40518.0,0
EdTech,Startup,Annual,Assisted,1401.61,46,26,24,0,0,102180.0,0
HealthTech,Startup,Monthly,,2284.47,28,25,20,2,0,32807.0,0
HealthTech,Growth,Multi-Year,Assisted,750.95,72,19,6,2,1,42704.0,0
FinTech,Growth,Quarterly,Assisted,1717.16,29,19,14,1,0,6894.0,0
FinTech,Startup,Monthly,Self-Serve,4146.85,1,15,4,3,1,90394.0,1
Media,Growth,Monthly,,811.59,6,19,17,2,0,27434.0,1
Logistics,Startup,Monthly,Assisted,644.05,1,12,3,4,2,63481.0,1
EdTech,Growth,Multi-Year,Assisted,1455.15,1,24,17,1,0,28061.0,0
HealthTech,Growth,Monthly,Dedicated-CSM,1104.71,4,21,14,2,2,100.0,1
FinTech,Enterprise,Annual,Assisted,2325.7,12,15,12,3,2,25575.0,0
FinTech,Enterprise,Monthly,Self-Serve,911.17,33,16,10,3,2,7979.0,0
HealthTech,Growth,Multi-Year,Assisted,5771.42,35,10,2,1,1,25426.0,0
E-Commerce,Growth,Monthly,Assisted,447.54,17,16,12,2,0,19382.0,0
EdTech,Growth,Quarterly,Self-Serve,3888.09,47,13,6,1,0,11317.0,0
EdTech,Enterprise,Quarterly,Dedicated-CSM,699.16,12,21,9,1,1,6606.0,0
HealthTech,Startup,Annual,,291.03,39,21,20,0,0,65201.0,0
Media,Startup,Monthly,Assisted,1639.58,10,18,12,3,1,70296.0,0
EdTech,Startup,Monthly,Assisted,1078.78,5,17,13,3,1,15394.0,1
E-Commerce,Growth,Monthly,Self-Serve,521.56,44,19,11,1,0,34179.0,0
E-Commerce,Growth,Annual,Dedicated-CSM,320.8,8,19,15,4,3,31188.0,0
HealthTech,Enterprise,Monthly,Dedicated-CSM,1329.95,12,23,18,3,1,21944.0,0
FinTech,Startup,Quarterly,Assisted,3070.09,7,21,15,1,0,16261.0,0
HealthTech,Growth,Monthly,Self-Serve,2202.2,19,22,21,1,1,10292.0,0
EdTech,Enterprise,Annual,Self-Serve,1405.57,72,22,12,2,0,103136.0,0
FinTech,Enterprise,Multi-Year,Self-Serve,2012.27,1,20,15,3,2,89582.0,0
FinTech,Growth,Quarterly,Self-Serve,1308.8,41,26,21,4,3,,0
FinTech,Growth,Monthly,Assisted,397.32,1,19,9,4,3,63863.0,1
FinTech,Startup,Monthly,Dedicated-CSM,400.31,8,25,14,6,3,34491.0,1
Logistics,Custom,Monthly,Assisted,1126.99,3,29,28,3,2,4463.0,0
EdTech,Startup,Monthly,Dedicated-CSM,1168.46,25,21,4,1,1,86408.0,0
E-Commerce,Custom,Annual,Assisted,2760.96,1,19,8,1,0,12376.0,0
FinTech,Growth,Quarterly,Assisted,2549.64,14,28,16,3,0,61348.0,0
E-Commerce,Growth,Multi-Year,Dedicated-CSM,2240.3,6,20,4,3,1,37475.0,0
E-Commerce,Startup,Monthly,Assisted,1055.49,2,24,22,3,2,58646.0,1
FinTech,Growth,Annual,Dedicated-CSM,414.24,26,18,7,4,2,31858.0,0
HealthTech,Growth,Quarterly,Self-Serve,1901.24,4,17,6,1,0,60627.0,0
HealthTech,Startup,Quarterly,Self-Serve,2093.08,4,17,14,1,1,1668.0,0
E-Commerce,Growth,Monthly,Dedicated-CSM,175.87,5,24,10,5,3,2086.0,1
E-Commerce,Custom,Quarterly,Assisted,659.06,15,19,13,2,1,113332.0,0
FinTech,Growth,Quarterly,Dedicated-CSM,744.42,19,19,16,1,0,69254.0,0
HealthTech,Enterprise,Annual,Dedicated-CSM,1481.18,1,24,20,3,1,88149.0,0
E-Commerce,Startup,Multi-Year,Self-Serve,676.64,4,20,16,1,0,30494.0,0
E-Commerce,Growth,Monthly,Assisted,1296.71,10,27,7,1,0,30777.0,1
Logistics,Startup,Monthly,Self-Serve,1119.96,7,20,5,4,0,38179.0,0
EdTech,Growth,Quarterly,Assisted,1169.96,38,17,7,5,2,13963.0,0
FinTech,Custom,Quarterly,Assisted,728.56,27,19,4,5,0,66120.0,0
FinTech,Growth,Monthly,Self-Serve,778.11,17,13,7,2,0,88438.0,0
E-Commerce,Startup,Annual,Assisted,534.74,7,19,9,2,1,118878.0,0
FinTech,Growth,Multi-Year,Assisted,1850.22,21,20,12,0,0,36390.0,0
E-Commerce,Growth,Multi-Year,Self-Serve,2176.42,33,20,8,2,1,26771.0,0
Media,Growth,Monthly,Dedicated-CSM,695.74,16,15,8,3,2,88873.0,1
E-Commerce,Enterprise,Annual,Assisted,4878.26,27,21,9,2,1,69851.0,0
HealthTech,Enterprise,Annual,Dedicated-CSM,1025.14,24,15,5,2,1,100973.0,0
E-Commerce,Growth,Quarterly,Self-Serve,4918.0,15,22,15,0,0,53317.0,0
E-Commerce,Growth,Quarterly,Self-Serve,776.03,6,16,11,1,0,107413.0,0
E-Commerce,Startup,Annual,Assisted,239.23,24,24,20,2,1,4663.0,0
Media,Startup,Quarterly,Self-Serve,1885.35,4,18,16,1,0,56903.0,0
HealthTech,Growth,Monthly,Dedicated-CSM,1654.52,27,13,9,4,1,4649.0,0
Media,Growth,Quarterly,Self-Serve,1379.17,29,9,6,0,0,69097.0,0
Media,Growth,Quarterly,Assisted,775.96,31,22,5,5,2,49503.0,0
FinTech,Growth,Monthly,Assisted,1300.64,11,22,6,2,1,806.0,1
FinTech,Startup,Multi-Year,Self-Serve,867.34,3,26,22,0,0,45722.0,0
FinTech,Growth,Annual,Self-Serve,1035.88,1,25,9,3,1,7908.0,0
FinTech,Startup,Annual,Assisted,2739.11,24,19,9,0,0,7682.0,0
FinTech,Startup,Monthly,Assisted,1566.48,39,23,7,5,2,8153.0,0
EdTech,Enterprise,Annual,Self-Serve,2249.49,18,17,6,0,0,33065.0,0
FinTech,Startup,Monthly,Dedicated-CSM,1099.83,2,18,14,0,0,6138.0,0
HealthTech,Growth,Monthly,Self-Serve,1001.53,49,22,9,1,0,6714.0,0
Logistics,Startup,Quarterly,Assisted,502.47,72,14,7,2,1,14797.0,0
FinTech,Enterprise,Monthly,Assisted,977.96,10,19,6,4,1,100.0,0
Logistics,Growth,Quarterly,Self-Serve,150.0,16,18,13,1,1,16134.0,0
HealthTech,Startup,Monthly,,811.04,27,13,10,3,1,48170.0,0
FinTech,Growth,Monthly,Self-Serve,1249.39,23,24,11,3,0,46011.0,0
EdTech,Enterprise,Monthly,Self-Serve,2162.72,61,25,20,1,0,174557.0,0
E-Commerce,Custom,Multi-Year,Self-Serve,1065.95,2,19,7,0,0,6371.0,0
Logistics,Startup,Quarterly,Assisted,1799.97,15,22,16,1,0,100336.0,0
EdTech,Enterprise,Annual,Assisted,210.02,21,23,18,3,0,24812.0,0
Logistics,Custom,Monthly,Assisted,1276.26,39,13,12,0,0,24472.0,0
HealthTech,Custom,Monthly,Self-Serve,321.32,37,23,8,0,0,21448.0,0
FinTech,Growth,Multi-Year,Self-Serve,479.6,68,20,5,1,0,6662.0,0
EdTech,Growth,Monthly,Dedicated-CSM,1142.43,12,21,8,3,1,32553.0,0
Logistics,Growth,Monthly,Self-Serve,3963.27,31,23,6,3,3,77412.0,1
Media,Enterprise,Annual,Dedicated-CSM,1836.33,10,24,8,1,0,104145.0,1
HealthTech,Growth,Monthly,Self-Serve,1360.35,9,22,10,1,0,164652.0,0
HealthTech,Growth,Annual,Dedicated-CSM,1317.38,5,24,12,2,1,76924.0,0
EdTech,Growth,Quarterly,Self-Serve,730.27,30,22,20,1,0,48788.0,0
HealthTech,Enterprise,Monthly,Assisted,843.55,72,14,4,1,0,34411.0,0
Media,Enterprise,Monthly,Self-Serve,1926.13,5,16,15,1,1,,0
Logistics,Startup,Monthly,Self-Serve,412.59,1,18,15,0,0,67260.0,0
HealthTech,Enterprise,Annual,Self-Serve,2217.41,30,24,21,2,1,8793.0,0
EdTech,Growth,Annual,Self-Serve,962.73,17,19,17,1,0,57372.0,0
EdTech,Enterprise,Monthly,,2701.94,57,24,19,0,0,28197.0,0
FinTech,Growth,Monthly,Assisted,3031.85,5,22,18,2,1,45292.0,0
Media,Growth,Annual,Assisted,323.07,1,19,10,2,1,114313.0,0
E-Commerce,Custom,Quarterly,Assisted,817.01,12,12,7,3,2,52860.0,1
Logistics,Startup,Monthly,Assisted,647.29,1,17,16,4,2,139619.0,1
HealthTech,Enterprise,Monthly,Assisted,286.91,5,15,7,0,0,100634.0,0
Logistics,Growth,Monthly,Assisted,556.88,2,22,5,1,0,6900.0,0
HealthTech,Growth,Annual,Assisted,10668.68,4,22,17,3,0,586.0,0
FinTech,Startup,Multi-Year,Assisted,2248.65,2,14,9,2,1,24259.0,0
Media,Growth,Monthly,Dedicated-CSM,6834.2,55,14,11,4,1,100246.0,0
FinTech,Startup,Quarterly,Self-Serve,2710.08,5,18,4,3,1,13076.0,0
HealthTech,Startup,Monthly,Self-Serve,712.97,10,17,11,2,0,58785.0,0
Media,Startup,Monthly,Assisted,968.25,41,18,7,6,3,32313.0,0
Media,Startup,Monthly,,2208.73,20,22,20,2,2,68536.0,0
E-Commerce,Custom,Annual,Dedicated-CSM,1942.79,17,18,5,3,2,9015.0,0
E-Commerce,Custom,Quarterly,Dedicated-CSM,819.96,22,18,15,1,0,13662.0,0
HealthTech,Growth,Quarterly,Self-Serve,371.11,31,22,5,1,0,13888.0,0
HealthTech,Enterprise,Monthly,Self-Serve,20000.0,37,17,3,4,1,39755.0,1
HealthTech,Startup,Monthly,Assisted,1188.0,18,16,6,1,0,17098.0,0
EdTech,Growth,Monthly,Assisted,1015.49,39,11,5,2,0,83492.0,0
EdTech,Enterprise,Annual,Self-Serve,1474.88,13,21,14,1,0,21293.0,0
EdTech,Custom,Monthly,Assisted,1089.73,5,9,2,2,2,54066.0,1
EdTech,Growth,Annual,Assisted,1486.71,38,25,13,5,1,148311.0,0
FinTech,Enterprise,Monthly,Self-Serve,3999.42,14,15,5,1,0,46688.0,0
E-Commerce,Startup,Monthly,Self-Serve,1204.88,42,20,17,0,0,13864.0,0
FinTech,Custom,Quarterly,Assisted,498.55,1,11,2,2,1,88732.0,0
E-Commerce,Startup,Monthly,Self-Serve,1167.48,9,24,11,2,0,631.0,0
HealthTech,Growth,Monthly,Dedicated-CSM,902.58,53,23,16,1,0,14822.0,0
Logistics,Growth,Monthly,Assisted,4493.17,5,23,21,6,2,24510.0,1
HealthTech,Growth,Annual,Assisted,3624.43,51,27,24,3,1,10906.0,0
FinTech,Startup,Annual,Dedicated-CSM,1467.62,55,16,14,2,0,46319.0,0
FinTech,Custom,Monthly,Dedicated-CSM,451.73,38,19,4,3,2,40822.0,0
EdTech,Startup,Quarterly,Self-Serve,472.48,14,14,12,1,1,26086.0,0
E-Commerce,Growth,Monthly,Self-Serve,1356.76,18,18,14,2,0,17434.0,0
FinTech,Startup,Monthly,Assisted,1782.68,36,24,22,4,0,28450.0,0
FinTech,Startup,Monthly,Assisted,974.16,26,20,8,2,1,17209.0,0
EdTech,Growth,Annual,Self-Serve,890.56,17,17,15,3,1,12504.0,0
FinTech,Growth,Monthly,Dedicated-CSM,809.26,72,23,12,0,0,21637.0,0
Logistics,Startup,Monthly,Self-Serve,1313.06,20,19,13,2,1,46107.0,0
EdTech,Startup,Monthly,Self-Serve,176.74,66,17,9,3,1,52262.0,0
FinTech,Growth,Monthly,Self-Serve,525.25,1,15,8,1,1,17645.0,0
FinTech,Enterprise,Annual,Assisted,786.04,2,24,15,3,1,147250.0,0
Media,Enterprise,Monthly,Assisted,3738.27,10,16,7,0,0,15188.0,0
HealthTech,Startup,Monthly,Self-Serve,670.66,8,23,19,2,2,62263.0,0
HealthTech,Growth,Annual,Self-Serve,1561.49,27,17,12,2,0,4250.0,0
Logistics,Startup,Monthly,Self-Serve,1623.86,3,18,13,3,0,54658.0,0
Media,Startup,Annual,Assisted,4036.89,67,23,8,1,1,30805.0,0
Media,Growth,Quarterly,Self-Serve,3917.43,6,16,15,2,0,42095.0,0
EdTech,Growth,Monthly,Dedicated-CSM,1275.54,10,14,10,2,0,10171.0,0
HealthTech,Startup,Annual,Self-Serve,894.12,5,12,4,2,1,28420.0,0
FinTech,Startup,Monthly,Dedicated-CSM,761.84,15,24,19,0,0,72681.0,0
EdTech,Startup,Quarterly,Self-Serve,1091.27,1,13,4,0,0,72854.0,0
E-Commerce,Enterprise,Monthly,Assisted,926.18,2,32,8,0,0,13561.0,0
HealthTech,Custom,Monthly,Self-Serve,2144.33,24,20,12,4,2,21739.0,1
Media,Startup,Annual,Self-Serve,1914.6,3,20,12,4,1,191.0,1
FinTech,Startup,Annual,Dedicated-CSM,2215.05,4,19,6,2,2,,0
E-Commerce,Enterprise,Multi-Year,Dedicated-CSM,3906.48,28,23,11,4,1,6776.0,0
FinTech,Custom,Annual,Assisted,6525.28,1,21,20,2,1,17382.0,0
E-Commerce,Growth,Monthly,Assisted,1489.15,10,14,5,1,1,71151.0,0
FinTech,Startup,Monthly,Assisted,3410.26,1,27,8,1,0,35693.0,0
FinTech,Startup,Monthly,Dedicated-CSM,993.36,7,16,15,2,0,78657.0,0
FinTech,Growth,Quarterly,Self-Serve,3667.46,21,20,8,1,0,70306.0,0
E-Commerce,Growth,Monthly,Assisted,3302.0,1,18,13,1,1,44232.0,0
EdTech,Startup,Multi-Year,Assisted,3156.29,39,12,4,4,2,34643.0,0
E-Commerce,Growth,Monthly,Self-Serve,1450.93,43,21,13,3,2,133915.0,0
Media,Startup,Monthly,Dedicated-CSM,758.92,1,26,13,2,1,42114.0,0
HealthTech,Enterprise,Monthly,Self-Serve,409.38,72,22,21,2,0,32969.0,0
HealthTech,Startup,Annual,Self-Serve,1294.61,6,19,10,3,0,,0
Logistics,Startup,Annual,Assisted,4929.83,1,20,13,2,2,3706.0,0
FinTech,Growth,Annual,Assisted,1029.3,1,20,19,6,2,53360.0,0
Media,Growth,Monthly,,2610.66,9,24,23,0,0,5997.0,0
FinTech,Custom,Annual,Self-Serve,2744.51,17,21,5,1,0,85690.0,0
Media,Growth,Monthly,Dedicated-CSM,1052.44,7,30,26,3,0,78671.0,0
FinTech,Startup,Annual,Self-Serve,4100.62,32,21,10,2,0,35019.0,0
Logistics,Enterprise,Quarterly,Assisted,150.0,22,18,12,4,2,54094.0,0
E-Commerce,Startup,Monthly,Assisted,473.74,7,25,12,3,0,74057.0,0
Media,Custom,Quarterly,Assisted,615.06,23,23,11,1,0,33015.0,0
FinTech,Growth,Annual,Dedicated-CSM,667.3,50,19,6,2,1,118201.0,0
E-Commerce,Growth,Monthly,Assisted,1782.59,1,16,10,4,2,28726.0,1
Media,Startup,Annual,Assisted,1713.91,6,19,12,4,1,111292.0,0
E-Commerce,Growth,Monthly,Assisted,1872.24,11,19,6,1,0,43703.0,0
E-Commerce,Enterprise,Monthly,Assisted,2223.13,12,22,13,3,3,27777.0,1
EdTech,Enterprise,Monthly,Assisted,597.29,14,24,23,1,0,205.0,0
E-Commerce,Startup,Monthly,Dedicated-CSM,475.59,6,19,14,3,0,17517.0,0
E-Commerce,Startup,Quarterly,Self-Serve,1875.95,19,23,13,1,0,101218.0,0
E-Commerce,Enterprise,Monthly,Self-Serve,783.92,18,14,13,3,0,27993.0,0
Media,Custom,Annual,,352.52,15,30,19,2,1,27363.0,0
FinTech,Startup,Monthly,Self-Serve,3058.39,2,20,6,4,3,33609.0,1
HealthTech,Growth,Multi-Year,Self-Serve,4384.53,11,23,14,2,1,16865.0,0
Media,Startup,Quarterly,Dedicated-CSM,5032.07,7,24,8,2,1,33820.0,0
Logistics,Enterprise,Annual,Assisted,1570.2,12,15,12,3,2,23561.0,0
E-Commerce,Startup,Monthly,Assisted,2280.25,45,13,12,3,0,120089.0,0
E-Commerce,Startup,Monthly,Assisted,4291.48,11,25,12,2,1,41502.0,0
HealthTech,Enterprise,Monthly,Dedicated-CSM,776.5,1,14,7,2,1,89834.0,0
FinTech,Startup,Quarterly,Assisted,3442.92,10,19,10,4,1,58057.0,0
E-Commerce,Growth,Annual,Dedicated-CSM,1692.71,30,17,7,1,1,11951.0,0
HealthTech,Growth,Monthly,Self-Serve,2912.17,27,20,16,2,1,101121.0,0
E-Commerce,Startup,Monthly,Dedicated-CSM,1568.98,12,26,18,2,0,4566.0,0
FinTech,Growth,Annual,Assisted,4031.2,5,16,4,2,0,29768.0,0
Media,Growth,Monthly,Self-Serve,1619.7,11,24,20,4,0,13666.0,0
Media,Startup,Annual,Assisted,379.41,14,20,6,2,0,38561.0,0
EdTech,Growth,Quarterly,Assisted,4601.5,72,20,19,1,0,17837.0,0
E-Commerce,Enterprise,Annual,Self-Serve,598.6,18,18,9,0,0,64156.0,0
HealthTech,Enterprise,Monthly,,3885.86,21,29,20,2,0,138167.0,0
Logistics,Startup,Monthly,Self-Serve,1240.53,12,24,6,3,1,61737.0,1
EdTech,Startup,Quarterly,Self-Serve,3639.53,7,15,7,1,0,21949.0,0
FinTech,Startup,Multi-Year,Dedicated-CSM,3514.15,30,24,20,2,1,45823.0,0
Media,Growth,Monthly,Assisted,1930.67,12,23,13,3,2,109698.0,1
Logistics,Growth,Monthly,Dedicated-CSM,2063.7,72,25,23,0,0,15737.0,0
Media,Growth,Annual,Assisted,1918.38,10,22,14,4,1,6290.0,0
EdTech,Startup,Multi-Year,Self-Serve,241.83,1,23,21,2,0,7007.0,0
E-Commerce,Startup,Annual,Assisted,1481.16,20,21,20,0,0,34145.0,0
HealthTech,Growth,Multi-Year,Assisted,518.71,1,15,8,2,1,65864.0,0
Media,Growth,Monthly,Dedicated-CSM,1549.22,5,12,7,2,2,53539.0,0
Logistics,Startup,Monthly,Self-Serve,506.99,7,25,21,1,0,30247.0,0
FinTech,Growth,Annual,Dedicated-CSM,489.21,24,11,4,1,0,65337.0,0
FinTech,Startup,Annual,Dedicated-CSM,5240.62,12,23,20,2,1,50252.0,0
HealthTech,Enterprise,Monthly,Assisted,3324.35,1,17,11,2,1,49474.0,1
Logistics,Enterprise,Monthly,Dedicated-CSM,1334.72,17,19,14,2,1,11306.0,0
Media,Startup,Annual,Self-Serve,1567.21,9,18,4,2,0,18741.0,0
FinTech,Startup,Monthly,Dedicated-CSM,1084.93,45,21,17,1,0,21112.0,0
E-Commerce,Growth,Monthly,Assisted,2174.15,12,22,9,2,1,82563.0,0
HealthTech,Startup,Quarterly,Self-Serve,753.97,22,29,24,4,2,74607.0,1
Media,Growth,Quarterly,Dedicated-CSM,3117.17,4,23,13,1,0,14563.0,0
Logistics,Enterprise,Annual,Assisted,1080.17,25,20,8,5,2,2837.0,0
Logistics,Growth,Monthly,Assisted,937.42,22,14,13,3,1,73004.0,0
E-Commerce,Enterprise,Annual,Assisted,1364.38,42,21,17,2,1,26370.0,0
HealthTech,Growth,Quarterly,Self-Serve,810.4,1,20,19,3,0,12410.0,0
HealthTech,Startup,Quarterly,Assisted,1771.14,10,22,10,4,2,6222.0,1
FinTech,Enterprise,Annual,Dedicated-CSM,848.31,20,19,13,2,1,645.0,0
Logistics,Growth,Monthly,Self-Serve,1994.69,1,13,8,2,1,27907.0,0
Logistics,Growth,Monthly,Self-Serve,3765.39,9,19,14,1,0,20758.0,0
Media,Startup,Monthly,Self-Serve,726.75,51,14,3,4,2,59614.0,0
Media,Startup,Monthly,Assisted,1198.72,10,21,9,3,0,187891.0,0
E-Commerce,Custom,Quarterly,Assisted,1982.53,72,20,18,1,0,11583.0,0
EdTech,Startup,Annual,Assisted,924.75,1,24,12,3,1,13922.0,1
Media,Custom,Annual,Dedicated-CSM,1987.58,22,19,18,1,0,20572.0,0
Logistics,Custom,Annual,Assisted,2147.56,15,19,7,3,0,31362.0,0
FinTech,Enterprise,Monthly,,3363.62,12,22,21,2,1,59817.0,0
E-Commerce,Growth,Monthly,Dedicated-CSM,800.24,63,15,11,1,0,21696.0,0
FinTech,Growth,Monthly,Assisted,601.03,2,27,22,4,2,5502.0,1
Media,Enterprise,Monthly,Assisted,1031.28,40,33,17,1,0,65530.0,0
E-Commerce,Startup,Monthly,Assisted,588.4,21,27,24,1,0,79150.0,0
FinTech,Growth,Quarterly,Dedicated-CSM,2164.24,5,16,10,1,0,14228.0,0
EdTech,Growth,Multi-Year,Assisted,498.95,41,14,10,0,0,7353.0,0
E-Commerce,Growth,Monthly,Self-Serve,9730.92,10,36,9,2,1,37518.0,1
HealthTech,Growth,Monthly,Assisted,4030.07,30,19,13,1,0,11680.0,0
FinTech,Startup,Annual,Self-Serve,1353.83,8,23,20,4,2,23433.0,0
EdTech,Growth,Monthly,Self-Serve,2799.75,34,16,5,4,0,75110.0,0
E-Commerce,Enterprise,Annual,Assisted,333.19,18,21,16,2,0,12398.0,0
EdTech,Startup,Annual,Self-Serve,11439.96,2,20,4,2,1,82062.0,1
E-Commerce,Custom,Multi-Year,Self-Serve,811.04,18,21,19,1,1,56046.0,0
Logistics,Growth,Monthly,Self-Serve,1209.03,3,14,13,3,1,12405.0,0
E-Commerce,Enterprise,Annual,Assisted,276.57,9,15,7,3,1,37370.0,0
E-Commerce,Growth,Quarterly,Dedicated-CSM,2025.04,3,21,5,3,0,47605.0,0
Logistics,Enterprise,Annual,Dedicated-CSM,523.01,1,16,11,1,0,11174.0,0
HealthTech,Startup,Monthly,Self-Serve,1460.31,4,32,7,4,1,7830.0,1
FinTech,Enterprise,Monthly,Assisted,843.34,13,27,15,1,1,37876.0,0
FinTech,Startup,Quarterly,Dedicated-CSM,535.88,11,14,5,9,2,59183.0,0
EdTech,Enterprise,Quarterly,Self-Serve,676.07,12,30,17,0,0,31281.0,0
E-Commerce,Custom,Annual,Assisted,1622.82,5,26,5,2,2,3631.0,0
EdTech,Startup,Annual,Assisted,450.67,20,21,5,2,2,129655.0,0
FinTech,Startup,Annual,Self-Serve,708.76,21,28,5,3,2,59367.0,0
FinTech,Enterprise,Monthly,Dedicated-CSM,2353.79,7,22,15,3,1,48537.0,0
FinTech,Startup,Annual,Dedicated-CSM,12235.64,38,16,10,4,3,51589.0,1
HealthTech,Enterprise,Quarterly,Self-Serve,2010.12,18,13,5,2,1,25425.0,0
E-Commerce,Startup,Annual,Self-Serve,614.2,22,22,15,5,3,208026.0,0
HealthTech,Startup,Multi-Year,Self-Serve,980.39,5,20,18,3,2,7117.0,0
HealthTech,Custom,Monthly,Self-Serve,1375.88,1,11,4,1,1,67189.0,0
Media,Growth,Annual,Assisted,995.24,36,13,11,1,0,27312.0,0
HealthTech,Enterprise,Monthly,Assisted,2885.92,31,22,16,2,0,106472.0,0
E-Commerce,Startup,Monthly,Self-Serve,1611.39,2,21,4,1,1,63162.0,1
EdTech,Growth,Quarterly,Dedicated-CSM,2897.71,8,22,11,0,0,41306.0,0
HealthTech,Growth,Monthly,Self-Serve,1025.28,19,14,8,1,0,138785.0,0
E-Commerce,Growth,Annual,Self-Serve,4132.65,19,14,10,0,0,121773.0,0
Logistics,Growth,Monthly,Self-Serve,1162.68,35,25,10,4,0,2688.0,0
Media,Growth,Monthly,Assisted,586.69,2,22,21,3,0,10696.0,0
FinTech,Growth,Quarterly,Assisted,8524.69,10,19,14,1,0,56358.0,0
Media,Startup,Annual,Self-Serve,283.94,1,23,11,1,0,127449.0,0
E-Commerce,Enterprise,Multi-Year,Self-Serve,714.85,8,19,5,1,1,28135.0,0
HealthTech,Startup,Annual,Dedicated-CSM,786.05,1,21,7,1,1,1953.0,0
E-Commerce,Growth,Annual,Dedicated-CSM,11294.38,41,11,6,2,1,51543.0,1
Media,Startup,Monthly,Self-Serve,6221.9,13,24,14,3,1,10826.0,1
E-Commerce,Growth,Monthly,Self-Serve,4768.75,34,18,14,0,0,40184.0,0
HealthTech,Enterprise,Monthly,Assisted,1011.25,1,17,13,2,1,24281.0,0
E-Commerce,Startup,Quarterly,Assisted,10532.82,4,18,6,4,2,40825.0,1
FinTech,Startup,Annual,Self-Serve,1831.88,5,19,12,1,1,134734.0,0
FinTech,Startup,Monthly,Dedicated-CSM,3073.81,8,23,4,2,0,33257.0,0
FinTech,Growth,Annual,Assisted,1560.47,29,24,12,2,1,1757.0,0
FinTech,Enterprise,Quarterly,Assisted,1284.28,8,16,12,1,1,43484.0,0
FinTech,Startup,Monthly,Assisted,1081.37,4,15,7,0,0,19707.0,0
FinTech,Enterprise,Monthly,Dedicated-CSM,1120.81,1,15,13,4,1,75284.0,0
E-Commerce,Startup,Annual,Assisted,2246.7,1,21,20,1,0,31737.0,0
FinTech,Growth,Annual,Self-Serve,1830.09,25,25,17,3,0,67618.0,0
HealthTech,Custom,Annual,Self-Serve,1304.08,10,28,8,1,1,119747.0,0
Logistics,Startup,Monthly,Assisted,4832.38,23,20,10,1,1,22492.0,0
E-Commerce,Growth,Multi-Year,Self-Serve,150.0,20,24,4,4,2,227241.0,0
EdTech,Startup,Monthly,Assisted,2066.07,2,24,16,3,2,8115.0,0
FinTech,Startup,Monthly,Dedicated-CSM,2465.32,2,19,16,1,1,51632.0,0
FinTech,Startup,Multi-Year,Assisted,3550.77,25,20,14,0,0,1769.0,0
FinTech,Startup,Monthly,Dedicated-CSM,1267.57,22,19,15,5,2,11980.0,1
FinTech,Growth,Annual,Self-Serve,1598.36,8,20,16,4,2,50226.0,0
HealthTech,Growth,Monthly,Dedicated-CSM,3096.59,1,20,17,5,3,2365.0,1
FinTech,Growth,Quarterly,Assisted,4757.57,1,22,9,1,0,5367.0,1
FinTech,Startup,Multi-Year,Self-Serve,1037.47,6,17,15,2,1,17196.0,0
FinTech,Startup,Monthly,,1680.64,1,14,10,2,0,42858.0,0
E-Commerce,Growth,Annual,Self-Serve,5579.13,4,21,9,4,2,806.0,0
FinTech,Custom,Monthly,Assisted,220.21,9,20,19,2,1,32923.0,0
HealthTech,Startup,Annual,Assisted,745.08,2,19,18,4,1,49141.0,0
E-Commerce,Enterprise,Monthly,Self-Serve,4656.23,1,19,12,3,1,,1
EdTech,Growth,Monthly,Assisted,3390.24,40,13,11,1,0,3502.0,0
FinTech,Growth,Monthly,Assisted,2088.24,15,27,11,1,0,47193.0,0
EdTech,Growth,Monthly,Self-Serve,914.79,49,24,12,4,3,46549.0,0
E-Commerce,Startup,Multi-Year,Self-Serve,632.99,7,19,6,3,0,35265.0,0
FinTech,Startup,Monthly,Assisted,810.35,20,14,8,3,0,59069.0,0
Logistics,Growth,Monthly,Assisted,4993.07,4,25,14,1,0,11647.0,0
Media,Startup,Monthly,Dedicated-CSM,785.11,17,20,7,4,0,56744.0,0
FinTech,Custom,Monthly,Dedicated-CSM,1460.03,2,25,18,1,0,8804.0,0
HealthTech,Growth,Annual,Assisted,705.81,1,23,6,1,0,24936.0,0
Logistics,Startup,Multi-Year,Assisted,2741.77,48,16,3,5,2,3498.0,0
EdTech,Enterprise,Monthly,Assisted,847.32,14,24,12,4,1,85498.0,0
FinTech,Startup,Annual,Assisted,1232.8,47,9,4,4,0,38635.0,0
FinTech,Growth,Quarterly,Self-Serve,320.26,7,16,7,3,1,177108.0,0
HealthTech,Growth,Monthly,Self-Serve,339.9,7,23,9,2,1,142648.0,0
E-Commerce,Custom,Annual,Assisted,1348.2,9,26,12,1,0,327195.0,0
E-Commerce,Enterprise,Quarterly,Self-Serve,434.25,22,19,6,2,0,5338.0,0
HealthTech,Growth,Annual,Assisted,8017.03,15,26,13,1,0,46644.0,0
E-Commerce,Growth,Annual,Dedicated-CSM,232.22,46,18,16,2,0,26177.0,0
EdTech,Custom,Monthly,Self-Serve,678.48,1,17,6,2,0,38035.0,0
FinTech,Startup,Multi-Year,Assisted,1358.58,22,19,14,0,0,18464.0,0
HealthTech,Startup,Annual,Dedicated-CSM,982.04,7,17,5,2,0,2463.0,0
EdTech,Startup,Quarterly,Assisted,523.99,3,19,9,4,0,61507.0,0
Logistics,Startup,Annual,Self-Serve,593.34,12,23,10,0,0,168801.0,0
E-Commerce,Growth,Monthly,Self-Serve,577.06,12,28,26,0,0,38005.0,0
E-Commerce,Growth,Multi-Year,Assisted,1049.73,2,23,12,3,1,19993.0,0
FinTech,Growth,Annual,Assisted,7038.43,4,25,18,4,0,139256.0,0
HealthTech,Startup,Monthly,,1431.17,9,23,15,3,2,22680.0,1
E-Commerce,Enterprise,Monthly,Self-Serve,3660.9,9,11,3,2,1,122979.0,0
FinTech,Startup,Annual,Dedicated-CSM,2060.97,6,21,19,3,1,96790.0,0
HealthTech,Growth,Monthly,Assisted,3452.26,2,20,9,3,1,37614.0,0
HealthTech,Growth,Monthly,Dedicated-CSM,150.0,1,15,3,2,0,56485.0,0
FinTech,Startup,Quarterly,Assisted,1034.02,63,21,9,4,2,60252.0,0
HealthTech,Startup,Monthly,Dedicated-CSM,4068.64,51,21,9,0,0,51234.0,0
FinTech,Startup,Monthly,Self-Serve,823.88,11,20,5,3,0,8762.0,0
HealthTech,Enterprise,Monthly,Assisted,5991.53,72,28,19,2,0,59009.0,0
FinTech,Custom,Monthly,Self-Serve,4728.23,20,13,6,4,3,161.0,1
Logistics,Growth,Annual,Assisted,898.96,1,21,14,1,0,61900.0,0
E-Commerce,Startup,Quarterly,Assisted,873.33,2,18,3,1,0,40466.0,0
EdTech,Growth,Monthly,Self-Serve,565.91,44,13,12,3,1,15039.0,0
EdTech,Enterprise,Monthly,Dedicated-CSM,784.34,17,26,8,3,0,,0
E-Commerce,Enterprise,Quarterly,Dedicated-CSM,469.8,33,27,19,2,1,25983.0,0
FinTech,Startup,Monthly,Self-Serve,1928.48,41,25,19,2,1,33255.0,0
E-Commerce,Startup,Monthly,Assisted,388.53,10,18,6,1,1,1403.0,0
E-Commerce,Enterprise,Monthly,Self-Serve,2237.63,1,16,4,4,2,25651.0,1
EdTech,Growth,Annual,Assisted,2284.42,3,20,6,2,0,9158.0,0
HealthTech,Startup,Annual,Dedicated-CSM,326.35,1,19,7,2,1,16158.0,0
FinTech,Startup,Annual,Self-Serve,5000.76,3,18,6,3,2,14527.0,0
HealthTech,Growth,Annual,Dedicated-CSM,2072.62,9,18,13,2,1,,0
HealthTech,Enterprise,Annual,,2533.21,2,22,11,4,0,30855.0,1
E-Commerce,Custom,Quarterly,Assisted,702.84,3,17,10,7,4,36969.0,1
E-Commerce,Growth,Annual,Assisted,2273.38,10,16,3,3,0,42322.0,0
HealthTech,Growth,Monthly,Self-Serve,3489.22,7,22,19,0,0,31015.0,0
Media,Startup,Annual,Self-Serve,1231.74,11,24,8,2,0,101829.0,0
E-Commerce,Growth,Annual,Dedicated-CSM,7343.96,10,22,10,1,0,1920.0,1
FinTech,Growth,Quarterly,Assisted,1390.55,18,20,5,3,2,47571.0,1
FinTech,Growth,Monthly,Self-Serve,3532.17,49,27,8,2,0,100545.0,0
FinTech,Growth,Monthly,Assisted,1718.24,2,20,14,1,0,2095.0,0
FinTech,Startup,Annual,Self-Serve,2203.26,1,18,13,2,1,34289.0,0
FinTech,Startup,Annual,Self-Serve,323.55,34,20,14,4,2,44461.0,0
FinTech,Startup,Annual,Assisted,1836.09,12,16,10,5,3,10592.0,0
HealthTech,Startup,Monthly,Self-Serve,717.14,26,20,19,5,1,14551.0,0
FinTech,Startup,Annual,Dedicated-CSM,652.34,4,17,10,3,0,76994.0,0
Logistics,Custom,Quarterly,Assisted,5898.7,31,14,7,3,1,41897.0,0
FinTech,Growth,Annual,Dedicated-CSM,1116.88,46,30,11,2,0,18974.0,0
E-Commerce,Growth,Quarterly,Assisted,570.89,18,23,6,5,0,72356.0,0
HealthTech,Enterprise,Quarterly,Dedicated-CSM,987.07,2,22,14,2,1,68662.0,0
Media,Custom,Quarterly,Assisted,443.46,40,19,8,6,2,21187.0,0
FinTech,Growth,Annual,Assisted,4531.47,28,16,9,3,1,33535.0,0
HealthTech,Enterprise,Multi-Year,Dedicated-CSM,741.5,25,19,6,4,2,54609.0,0
Media,Startup,Monthly,Assisted,2100.45,1,18,15,2,0,21023.0,0
Logistics,Startup,Monthly,Self-Serve,4241.58,28,18,17,3,0,49579.0,0
Logistics,Growth,Multi-Year,Assisted,875.57,2,19,8,4,1,14456.0,1
HealthTech,Growth,Quarterly,Dedicated-CSM,2105.31,4,20,17,2,0,17267.0,0
FinTech,Growth,Annual,Assisted,558.04,15,19,17,1,1,18602.0,0
EdTech,Startup,Quarterly,Assisted,10709.69,5,30,29,0,0,137486.0,0
Media,Startup,Monthly,Assisted,2968.83,19,16,7,3,1,89690.0,0
E-Commerce,Growth,Annual,Dedicated-CSM,1137.15,16,14,11,2,0,41640.0,0
E-Commerce,Startup,Annual,Self-Serve,694.43,2,24,9,1,0,41491.0,0
HealthTech,Growth,Monthly,Assisted,1215.73,19,20,13,1,1,2889.0,0
EdTech,Growth,Monthly,Self-Serve,1003.26,46,27,20,4,3,52421.0,0
FinTech,Enterprise,Annual,Assisted,7044.5,3,19,15,2,0,19884.0,0
HealthTech,Enterprise,Monthly,Assisted,472.62,16,20,7,2,2,47376.0,1
HealthTech,Enterprise,Annual,Self-Serve,1502.04,7,16,14,1,0,91702.0,0
E-Commerce,Growth,Monthly,,1318.71,11,24,12,1,0,2328.0,0
FinTech,Enterprise,Quarterly,Assisted,1212.21,6,19,7,4,0,46705.0,0
FinTech,Growth,Multi-Year,Self-Serve,1221.31,7,22,13,1,1,41529.0,0
E-Commerce,Startup,Annual,Self-Serve,1213.59,1,20,17,1,0,11582.0,0
HealthTech,Startup,Monthly,Dedicated-CSM,2813.28,71,20,19,3,2,51984.0,0
E-Commerce,Startup,Annual,Self-Serve,2247.64,17,20,15,3,0,40466.0,0
FinTech,Growth,Monthly,Assisted,1912.32,12,17,3,5,2,72905.0,1
E-Commerce,Growth,Monthly,Dedicated-CSM,150.0,8,26,8,2,0,5861.0,0
E-Commerce,Enterprise,Multi-Year,Self-Serve,1728.18,13,21,5,2,0,29314.0,0
FinTech,Startup,Annual,Self-Serve,327.9,8,16,4,2,0,309081.0,0
HealthTech,Startup,Annual,Assisted,2320.12,8,10,5,0,0,58443.0,0
FinTech,Custom,Monthly,Assisted,4690.63,11,11,5,1,1,57648.0,1
FinTech,Startup,Monthly,Dedicated-CSM,609.54,5,18,5,2,0,19127.0,0
Media,Growth,Monthly,Dedicated-CSM,1072.22,3,23,20,1,0,4930.0,0
HealthTech,Growth,Quarterly,Assisted,804.76,14,24,16,1,1,149284.0,0
Logistics,Growth,Annual,Self-Serve,3828.07,33,27,22,4,1,5573.0,0
HealthTech,Startup,Quarterly,Self-Serve,1452.11,2,26,12,2,2,246037.0,0
EdTech,Startup,Annual,Self-Serve,5820.14,1,29,15,3,2,6721.0,0
EdTech,Startup,Monthly,Self-Serve,1903.96,5,12,5,3,1,9371.0,1
E-Commerce,Growth,Monthly,Assisted,1645.97,70,20,11,0,0,18435.0,0
E-Commerce,Growth,Monthly,Assisted,1419.38,31,24,16,1,1,35910.0,0
HealthTech,Startup,Monthly,Self-Serve,2684.62,16,17,10,6,1,78128.0,0
HealthTech,Growth,Monthly,Dedicated-CSM,305.81,47,22,19,2,0,177037.0,0
Media,Enterprise,Multi-Year,Self-Serve,1440.21,10,18,16,2,0,22223.0,0
Logistics,Startup,Monthly,Assisted,1262.01,72,19,10,1,1,1031.0,0
Media,Growth,Multi-Year,Assisted,2481.47,6,18,7,2,1,47944.0,0
FinTech,Growth,Monthly,Assisted,1141.91,4,27,25,2,0,62030.0,0
EdTech,Startup,Multi-Year,Assisted,553.95,18,18,14,5,2,25329.0,0
Media,Startup,Quarterly,Self-Serve,1347.83,8,30,21,3,1,10135.0,0
FinTech,Growth,Multi-Year,Assisted,533.57,17,19,15,0,0,18265.0,0
FinTech,Enterprise,Monthly,Assisted,260.74,6,20,5,1,0,53327.0,0
EdTech,Enterprise,Annual,Dedicated-CSM,2485.07,17,17,4,2,1,34079.0,0
E-Commerce,Growth,Multi-Year,Assisted,2191.2,5,14,4,3,0,68017.0,0
Logistics,Enterprise,Monthly,Assisted,1992.26,1,28,8,2,1,12306.0,1
FinTech,Growth,Monthly,Assisted,4054.12,43,25,13,1,0,92253.0,0
EdTech,Growth,Monthly,Dedicated-CSM,761.07,38,27,8,1,0,8473.0,0
FinTech,Growth,Multi-Year,Self-Serve,396.85,63,11,9,3,1,20018.0,0
FinTech,Startup,Quarterly,Assisted,1262.03,22,17,11,2,1,44727.0,0
FinTech,Enterprise,Quarterly,Assisted,996.87,20,17,8,2,2,66754.0,1
Logistics,Growth,Monthly,Assisted,654.62,14,16,4,5,2,15475.0,1
EdTech,Growth,Monthly,Self-Serve,1251.54,2,16,10,2,1,147941.0,0
E-Commerce,Custom,Annual,Assisted,796.43,3,26,7,1,1,61228.0,1
HealthTech,Startup,Monthly,Self-Serve,281.29,6,26,20,0,0,12274.0,0
Logistics,Startup,Annual,Assisted,920.58,39,15,12,0,0,64689.0,0
HealthTech,Startup,Multi-Year,Assisted,509.83,3,21,13,1,0,59591.0,0
Logistics,Enterprise,Monthly,Dedicated-CSM,1630.92,46,22,7,4,3,69854.0,1
HealthTech,Enterprise,Annual,Assisted,766.91,13,23,19,3,1,123776.0,1
HealthTech,Startup,Monthly,Self-Serve,3445.72,22,19,8,3,1,62191.0,0
E-Commerce,Growth,Annual,Self-Serve,5235.86,2,23,8,3,0,21686.0,0
HealthTech,Growth,Monthly,Dedicated-CSM,2386.24,5,25,14,1,1,78156.0,0
EdTech,Enterprise,Annual,Self-Serve,358.39,57,22,20,0,0,59514.0,0
E-Commerce,Growth,Monthly,Assisted,4814.64,5,15,6,1,0,42696.0,0
FinTech,Growth,Quarterly,Self-Serve,5112.08,6,15,13,1,1,21835.0,1
Logistics,Custom,Quarterly,Assisted,1361.0,3,19,4,3,1,126947.0,0
HealthTech,Startup,Monthly,Assisted,4123.62,2,18,4,3,1,35949.0,0
E-Commerce,Startup,Annual,Self-Serve,838.05,4,24,18,3,1,49457.0,0
Media,Growth,Monthly,Self-Serve,274.15,18,17,5,3,0,26838.0,0
E-Commerce,Custom,Annual,Dedicated-CSM,701.88,10,17,7,1,0,75892.0,0
FinTech,Growth,Monthly,Assisted,5824.95,14,18,5,3,1,20855.0,0
Media,Startup,Annual,Assisted,377.13,2,21,9,3,0,83204.0,0
E-Commerce,Startup,Monthly,Dedicated-CSM,1338.89,29,17,7,2,0,5711.0,0
HealthTech,Growth,Monthly,Dedicated-CSM,1378.87,27,18,14,4,2,61715.0,1
FinTech,Startup,Monthly,Self-Serve,866.08,1,20,15,1,0,32397.0,1
EdTech,Growth,Annual,Dedicated-CSM,918.74,8,18,17,1,0,59991.0,0
E-Commerce,Custom,Monthly,Self-Serve,1424.27,1,22,17,3,2,37900.0,0
E-Commerce,Growth,Annual,Self-Serve,830.61,28,18,13,1,1,7211.0,0
Logistics,Growth,Annual,Dedicated-CSM,399.91,24,26,19,1,0,32408.0,0
EdTech,Growth,Monthly,Self-Serve,1608.05,41,24,21,4,0,166994.0,0
FinTech,Startup,Annual,Self-Serve,3335.45,4,19,8,1,1,70292.0,0
HealthTech,Enterprise,Monthly,Self-Serve,2804.94,10,19,8,0,0,17847.0,0
FinTech,Growth,Monthly,Assisted,672.99,3,17,13,2,1,,1
EdTech,Growth,Annual,Assisted,462.41,8,17,6,1,0,75467.0,0
FinTech,Growth,Annual,Assisted,1051.99,13,25,23,0,0,22663.0,0
E-Commerce,Growth,Annual,Dedicated-CSM,5077.75,1,27,16,3,1,46263.0,0
EdTech,Growth,Monthly,Assisted,2318.69,22,17,7,0,0,27816.0,0
Logistics,Startup,Monthly,Self-Serve,2436.63,14,17,13,3,1,5084.0,0
HealthTech,Enterprise,Monthly,Dedicated-CSM,2853.72,31,25,11,1,0,82002.0,0
Logistics,Custom,Annual,Self-Serve,1915.34,5,21,20,0,0,10603.0,0
FinTech,Growth,Quarterly,Self-Serve,1484.03,42,15,14,2,0,30628.0,0
Logistics,Custom,Annual,Self-Serve,2351.86,72,22,16,1,0,60640.0,0
FinTech,Startup,Monthly,Assisted,841.98,45,24,6,3,1,134570.0,0
HealthTech,Growth,Monthly,Self-Serve,402.5,27,14,5,3,1,3239.0,0
EdTech,Growth,Monthly,Self-Serve,2476.37,30,13,7,1,0,24981.0,0
FinTech,Growth,Monthly,Self-Serve,3835.59,15,18,15,3,1,47680.0,0
FinTech,Growth,Monthly,Self-Serve,517.76,3,24,8,2,1,75550.0,0
EdTech,Startup,Annual,Assisted,2693.6,20,23,6,2,2,126872.0,0
EdTech,Startup,Annual,Dedicated-CSM,5589.53,22,18,4,1,1,100.0,0
E-Commerce,Growth,Quarterly,,1336.88,72,22,13,4,3,49411.0,0
EdTech,Startup,Quarterly,Self-Serve,668.27,14,22,19,2,2,348.0,0
E-Commerce,Enterprise,Monthly,Self-Serve,1487.07,5,18,4,2,1,77383.0,0
HealthTech,Startup,Annual,Dedicated-CSM,838.86,20,15,5,2,1,8106.0,0
HealthTech,Startup,Monthly,Self-Serve,792.97,69,18,13,4,1,112509.0,0
FinTech,Growth,Multi-Year,Dedicated-CSM,1935.67,3,21,18,3,1,8428.0,0
Media,Growth,Quarterly,Self-Serve,342.69,7,25,21,2,0,72266.0,0
E-Commerce,Enterprise,Monthly,Dedicated-CSM,392.55,14,22,18,2,1,17076.0,0
HealthTech,Growth,Multi-Year,Self-Serve,1361.57,3,16,4,1,0,40738.0,0
E-Commerce,Startup,Monthly,Assisted,1314.27,1,21,10,4,1,46880.0,1
Media,Enterprise,Quarterly,Assisted,1793.67,7,14,13,4,1,11582.0,0
FinTech,Growth,Quarterly,Assisted,6594.17,36,17,16,2,2,17741.0,1
E-Commerce,Startup,Monthly,Self-Serve,1463.87,1,20,13,0,0,5687.0,0
E-Commerce,Growth,Monthly,Assisted,2227.08,10,21,16,3,2,265.0,0
E-Commerce,Custom,Annual,Assisted,584.52,25,14,13,4,0,13687.0,0
FinTech,Growth,Annual,Self-Serve,2572.79,55,16,8,4,2,36284.0,0
Logistics,Startup,Monthly,Self-Serve,856.25,72,21,6,1,0,62518.0,0
Media,Startup,Multi-Year,Assisted,1423.26,9,16,11,2,0,78887.0,0
E-Commerce,Startup,Monthly,Self-Serve,1221.06,54,23,22,4,4,3616.0,0
EdTech,Growth,Monthly,Assisted,3222.87,1,19,14,7,1,15901.0,1
Media,Growth,Monthly,Self-Serve,439.89,24,20,16,1,0,73533.0,0
EdTech,Startup,Monthly,Assisted,192.34,18,16,8,1,0,32780.0,0
FinTech,Custom,Monthly,Self-Serve,1117.2,5,13,3,1,1,10056.0,1
E-Commerce,Enterprise,Multi-Year,Assisted,1994.71,12,9,3,4,3,24897.0,0
E-Commerce,Growth,Monthly,Self-Serve,1524.51,2,21,20,2,1,15738.0,0
HealthTech,Enterprise,Monthly,Self-Serve,3817.59,36,17,10,1,0,2599.0,0
EdTech,Startup,Monthly,Self-Serve,1942.57,7,18,3,3,1,72117.0,1
Media,Growth,Annual,Dedicated-CSM,829.42,17,21,20,1,0,17244.0,0
Media,Growth,Annual,Self-Serve,185.56,3,26,15,0,0,145141.0,0
E-Commerce,Enterprise,Monthly,Assisted,1094.75,4,20,17,2,0,109519.0,1
FinTech,Enterprise,Monthly,Self-Serve,3209.16,72,20,12,1,1,62988.0,0
Media,Startup,Monthly,Self-Serve,959.83,25,21,5,3,0,19773.0,0
Logistics,Custom,Monthly,Assisted,1372.07,58,22,15,0,0,16420.0,0
FinTech,Startup,Monthly,Assisted,1916.31,6,22,21,3,0,32244.0,0
Media,Enterprise,Monthly,Dedicated-CSM,565.1,3,19,4,1,0,21894.0,0
Logistics,Custom,Monthly,Dedicated-CSM,2275.03,12,26,22,1,0,115712.0,0
E-Commerce,Startup,Quarterly,Assisted,5385.97,12,16,6,1,0,6591.0,1
E-Commerce,Enterprise,Monthly,Assisted,1156.45,3,22,11,3,0,64452.0,0
HealthTech,Startup,Multi-Year,,513.01,23,17,8,3,0,47196.0,0
FinTech,Growth,Multi-Year,Self-Serve,1265.71,8,17,15,1,0,82073.0,0
HealthTech,Growth,Quarterly,Dedicated-CSM,202.2,3,21,12,1,0,39098.0,0
Logistics,Growth,Monthly,Assisted,1783.56,7,12,6,1,1,49651.0,0
FinTech,Custom,Monthly,Assisted,1967.33,14,23,19,2,1,164493.0,0
HealthTech,Growth,Monthly,Self-Serve,5565.21,23,15,3,1,0,4823.0,0
HealthTech,Growth,Annual,Self-Serve,1135.81,11,17,4,1,0,5539.0,0
E-Commerce,Enterprise,Quarterly,Dedicated-CSM,1895.45,13,18,3,1,1,25011.0,0
Media,Custom,Annual,Self-Serve,644.13,2,16,12,3,0,32002.0,0
HealthTech,Startup,Multi-Year,Assisted,989.34,44,15,9,4,2,11149.0,0
HealthTech,Custom,Monthly,Self-Serve,366.35,47,19,17,2,2,4314.0,0
EdTech,Startup,Quarterly,Dedicated-CSM,1135.05,20,16,9,2,0,1121.0,0
E-Commerce,Enterprise,Monthly,Self-Serve,1033.27,1,22,8,0,0,72322.0,0
FinTech,Startup,Monthly,Dedicated-CSM,1727.31,13,21,17,5,0,33185.0,0
E-Commerce,Startup,Monthly,Self-Serve,788.35,17,17,7,3,0,92704.0,0
FinTech,Growth,Monthly,Dedicated-CSM,1437.76,72,19,18,0,0,22380.0,0
FinTech,Growth,Annual,Assisted,1008.91,72,26,10,3,2,60776.0,0
E-Commerce,Growth,Monthly,Self-Serve,1010.53,35,15,5,1,1,33522.0,0
HealthTech,Startup,Quarterly,Assisted,1434.12,1,16,9,2,1,47347.0,0
Media,Growth,Annual,Self-Serve,1386.37,55,18,4,2,1,23117.0,0
HealthTech,Custom,Annual,Self-Serve,2558.04,17,26,5,2,1,4233.0,0
E-Commerce,Growth,Monthly,Dedicated-CSM,1208.88,29,19,11,2,0,147227.0,0
E-Commerce,Startup,Annual,Assisted,994.86,9,30,11,1,1,90422.0,0
FinTech,Growth,Quarterly,Self-Serve,1148.62,6,31,6,2,1,18690.0,0
EdTech,Startup,Monthly,Self-Serve,729.63,11,14,6,2,1,159348.0,0
FinTech,Enterprise,Monthly,Self-Serve,986.41,2,12,6,2,1,17869.0,1
Media,Enterprise,Quarterly,Dedicated-CSM,7528.75,7,19,9,0,0,29259.0,0
FinTech,Growth,Annual,Self-Serve,616.6,35,18,5,2,1,70353.0,0
HealthTech,Growth,Annual,Dedicated-CSM,1056.95,1,15,9,3,0,18481.0,0
FinTech,Enterprise,Annual,Dedicated-CSM,963.56,2,19,14,4,1,19616.0,0
Media,Growth,Quarterly,Self-Serve,1085.62,2,15,11,1,0,26389.0,0
E-Commerce,Enterprise,Monthly,Self-Serve,1010.75,9,20,10,2,2,31592.0,0
E-Commerce,Growth,Monthly,Dedicated-CSM,1698.25,72,21,6,0,0,6598.0,0
FinTech,Enterprise,Monthly,Self-Serve,313.05,3,23,13,1,0,882.0,0
EdTech,Growth,Annual,Self-Serve,3234.39,2,23,20,3,1,125762.0,0
FinTech,Growth,Annual,Self-Serve,2293.18,44,22,12,0,0,21785.0,0
Logistics,Custom,Monthly,Assisted,465.71,38,13,4,1,0,5362.0,0
FinTech,Growth,Quarterly,Assisted,194.67,1,14,3,3,0,71183.0,0
FinTech,Growth,Monthly,Self-Serve,583.76,25,29,27,0,0,17482.0,0
FinTech,Startup,Monthly,Self-Serve,1089.78,19,33,26,0,0,10024.0,0
E-Commerce,Growth,Monthly,Dedicated-CSM,12007.04,26,20,9,0,0,164319.0,1
E-Commerce,Growth,Monthly,Assisted,2125.51,12,22,9,2,0,126627.0,0
FinTech,Startup,Monthly,Assisted,288.17,72,15,13,2,1,5588.0,0
EdTech,Startup,Monthly,Assisted,745.3,1,23,7,3,0,114773.0,0
E-Commerce,Growth,Monthly,Assisted,1280.2,4,25,15,3,0,110760.0,0
E-Commerce,Enterprise,Monthly,Assisted,1661.76,9,13,10,1,1,50307.0,0
HealthTech,Growth,Annual,Self-Serve,438.11,10,17,8,1,1,37723.0,0
HealthTech,Startup,Monthly,Self-Serve,1194.23,45,16,3,1,0,12259.0,0
E-Commerce,Growth,Multi-Year,Assisted,727.79,14,17,6,2,0,6470.0,0
FinTech,Startup,Monthly,Assisted,524.16,1,20,18,0,0,46617.0,0
FinTech,Growth,Monthly,Dedicated-CSM,1670.13,9,17,10,2,0,86287.0,0
Logistics,Startup,Monthly,Self-Serve,2585.81,9,21,17,3,2,58341.0,0
Media,Startup,Monthly,Dedicated-CSM,2737.73,60,18,11,3,2,9971.0,0
HealthTech,Startup,Annual,Dedicated-CSM,2182.5,16,24,22,5,2,17126.0,0
HealthTech,Growth,Monthly,Self-Serve,877.64,18,23,21,2,0,39529.0,0
E-Commerce,Startup,Multi-Year,Assisted,2458.65,22,17,9,2,0,49040.0,0
HealthTech,Growth,Annual,Assisted,1741.84,26,16,7,5,5,3750.0,1
FinTech,Growth,Quarterly,Dedicated-CSM,1500.95,18,30,20,1,1,47603.0,0
FinTech,Growth,Quarterly,Assisted,796.37,4,17,12,3,1,66651.0,0
EdTech,Growth,Annual,Assisted,878.01,37,22,13,1,0,10005.0,0
EdTech,Enterprise,Monthly,Assisted,1426.25,23,15,12,1,0,14133.0,0
FinTech,Startup,Annual,Self-Serve,10656.16,24,19,6,1,1,14981.0,0
FinTech,Growth,Monthly,Self-Serve,1730.31,72,13,6,2,1,140513.0,0
FinTech,Startup,Monthly,Assisted,796.71,29,14,10,3,0,26129.0,0
EdTech,Startup,Quarterly,Assisted,660.15,31,21,8,1,0,37812.0,0
FinTech,Growth,Quarterly,Assisted,881.83,54,24,13,1,0,,0
FinTech,Growth,Annual,Assisted,8524.5,2,21,20,3,2,23218.0,1
EdTech,Enterprise,Monthly,Self-Serve,953.97,12,19,13,1,0,5578.0,0
FinTech,Growth,Annual,Assisted,2895.29,15,15,14,4,2,53112.0,0
EdTech,Custom,Monthly,Self-Serve,973.07,7,23,17,3,0,55022.0,0
FinTech,Startup,Monthly,Dedicated-CSM,1672.39,32,14,10,1,0,15092.0,0
FinTech,Startup,Monthly,Dedicated-CSM,2625.39,25,21,14,4,2,1793.0,1
FinTech,Startup,Monthly,Assisted,823.76,22,15,4,3,2,54734.0,0
EdTech,Startup,Monthly,Self-Serve,776.7,72,24,14,4,1,60773.0,0
Logistics,Growth,Quarterly,Self-Serve,5486.46,5,21,8,4,1,1321.0,0
Logistics,Growth,Annual,Assisted,3093.02,23,29,28,2,1,59075.0,0
HealthTech,Startup,Monthly,Assisted,2622.99,14,24,9,1,1,139786.0,0
EdTech,Custom,Quarterly,Assisted,2615.43,6,21,8,0,0,9849.0,0
FinTech,Enterprise,Annual,Self-Serve,1979.58,3,20,13,3,0,36837.0,0
HealthTech,Startup,Annual,Assisted,7443.6,40,18,10,4,1,59664.0,0
Logistics,Startup,Quarterly,Assisted,1390.37,16,21,4,1,1,13073.0,0
FinTech,Startup,Monthly,Self-Serve,2187.85,31,26,7,3,2,69625.0,0
FinTech,Startup,Annual,Assisted,390.23,14,18,15,3,1,101281.0,0
FinTech,Startup,Quarterly,Self-Serve,664.33,4,19,11,2,2,84249.0,0
FinTech,Growth,Monthly,Assisted,482.66,7,25,7,1,0,14981.0,0
FinTech,Startup,Monthly,Dedicated-CSM,3955.86,8,21,12,0,0,81537.0,0
E-Commerce,Growth,Annual,Assisted,152.99,64,19,7,0,0,26666.0,0
HealthTech,Custom,Monthly,Dedicated-CSM,951.5,1,32,12,2,0,15494.0,1
Logistics,Growth,Multi-Year,Assisted,150.0,72,22,21,5,4,9194.0,0
Logistics,Custom,Monthly,Self-Serve,660.77,70,24,11,0,0,119835.0,0
HealthTech,Startup,Annual,Assisted,882.44,72,20,4,2,0,27835.0,0
HealthTech,Growth,Monthly,Assisted,4346.56,11,13,12,2,0,100396.0,0
HealthTech,Growth,Quarterly,Self-Serve,1876.44,59,12,10,2,0,8691.0,0
E-Commerce,Startup,Annual,,659.73,9,21,8,5,2,72834.0,0
HealthTech,Startup,Monthly,Assisted,3314.52,1,23,12,2,1,5827.0,0
E-Commerce,Growth,Quarterly,Self-Serve,1359.89,4,26,23,4,1,886.0,0
HealthTech,Growth,Monthly,Self-Serve,1382.89,52,21,10,2,1,265411.0,0
E-Commerce,Growth,Monthly,Assisted,481.9,1,17,11,1,0,3819.0,0
HealthTech,Growth,Monthly,Self-Serve,577.37,14,20,12,2,1,30952.0,0
HealthTech,Growth,Annual,Dedicated-CSM,664.26,1,22,11,3,1,105345.0,0
Media,Startup,Monthly,Self-Serve,1393.39,6,17,12,3,1,85568.0,0
EdTech,Startup,Monthly,Assisted,1431.11,1,16,9,1,0,31855.0,0
FinTech,Startup,Monthly,Assisted,4976.48,35,15,3,0,0,47189.0,0
Logistics,Startup,Annual,Assisted,1858.08,16,24,20,2,1,49673.0,0
E-Commerce,Custom,Annual,Self-Serve,150.0,41,30,8,1,1,5817.0,0
Logistics,Growth,Monthly,Dedicated-CSM,1674.46,20,19,10,3,1,16767.0,0
EdTech,Enterprise,Monthly,Assisted,390.52,63,19,12,3,1,17904.0,0
HealthTech,Startup,Multi-Year,Dedicated-CSM,589.29,12,18,13,2,1,23751.0,0
FinTech,Growth,Monthly,Self-Serve,671.6,18,20,10,2,2,16005.0,0
HealthTech,Startup,Annual,Self-Serve,762.16,15,18,14,5,3,14484.0,0
E-Commerce,Startup,Annual,Assisted,416.18,11,18,5,3,1,21909.0,0
E-Commerce,Startup,Annual,Self-Serve,1592.34,33,25,18,1,0,23839.0,0
HealthTech,Enterprise,Monthly,Assisted,403.76,18,22,18,1,0,33396.0,0
FinTech,Growth,Annual,Self-Serve,1813.78,29,30,27,1,1,9530.0,0
Logistics,Growth,Annual,Assisted,8968.07,27,21,13,4,2,77638.0,0
Media,Growth,Quarterly,Dedicated-CSM,432.7,3,19,8,1,1,98545.0,0
E-Commerce,Custom,Monthly,Assisted,1051.7,18,27,8,5,2,14262.0,0
FinTech,Startup,Monthly,Dedicated-CSM,156.81,4,15,7,1,1,6580.0,0
HealthTech,Startup,Monthly,Assisted,1037.12,15,23,14,0,0,64063.0,0
FinTech,Startup,Quarterly,Assisted,2313.02,20,20,7,1,0,129013.0,0
Media,Enterprise,Quarterly,Dedicated-CSM,2471.41,72,19,18,0,0,1789.0,0
FinTech,Custom,Monthly,Dedicated-CSM,1430.47,1,19,17,8,4,727.0,1
E-Commerce,Startup,Quarterly,Assisted,2852.28,1,16,3,6,0,10132.0,1
HealthTech,Enterprise,Monthly,Self-Serve,11662.65,1,12,7,1,0,57726.0,1
E-Commerce,Enterprise,Annual,Assisted,5741.4,9,21,17,1,1,167308.0,0
EdTech,Startup,Multi-Year,Self-Serve,859.08,31,19,7,4,3,69391.0,0
Logistics,Growth,Monthly,Assisted,390.16,33,18,11,1,0,42552.0,0
FinTech,Growth,Monthly,Assisted,948.4,24,18,9,2,1,60290.0,0
FinTech,Custom,Monthly,Dedicated-CSM,598.88,40,24,8,3,2,13114.0,0
FinTech,Startup,Annual,Dedicated-CSM,1965.78,7,22,15,1,0,58326.0,0
Media,Enterprise,Annual,Assisted,490.77,1,17,16,0,0,19389.0,0
Logistics,Startup,Multi-Year,Self-Serve,1259.04,1,21,10,0,0,12579.0,0
E-Commerce,Enterprise,Monthly,Dedicated-CSM,2730.7,34,22,14,1,1,13496.0,0
E-Commerce,Growth,Multi-Year,,1229.56,23,26,12,2,1,55099.0,0
EdTech,Growth,Monthly,Assisted,599.22,21,20,18,3,0,72884.0,0
FinTech,Enterprise,Annual,Self-Serve,3635.83,7,13,11,3,2,43590.0,0
Media,Enterprise,Monthly,Self-Serve,271.2,8,23,7,2,1,3299.0,0
HealthTech,Enterprise,Annual,Dedicated-CSM,1013.71,57,22,20,0,0,1938.0,0
HealthTech,Startup,Quarterly,Self-Serve,1292.83,1,19,6,3,0,12242.0,0
E-Commerce,Growth,Annual,Assisted,1357.67,26,18,4,1,1,16876.0,0
FinTech,Startup,Annual,Self-Serve,1561.53,6,22,15,2,0,25945.0,0
FinTech,Growth,Monthly,Dedicated-CSM,2250.42,1,13,6,2,0,3954.0,0
EdTech,Growth,Monthly,Dedicated-CSM,1299.72,24,21,13,0,0,64578.0,0
FinTech,Growth,Annual,Self-Serve,979.61,7,15,10,4,1,62153.0,0
E-Commerce,Growth,Monthly,Self-Serve,947.24,23,23,5,3,0,21284.0,0
FinTech,Custom,Monthly,Assisted,796.49,22,22,9,4,1,41391.0,0
HealthTech,Startup,Quarterly,Self-Serve,2616.03,13,17,9,1,0,5319.0,1
HealthTech,Growth,Quarterly,Assisted,773.13,27,24,9,5,3,26826.0,1
HealthTech,Growth,Monthly,Self-Serve,2751.1,15,21,5,5,2,97443.0,1
EdTech,Startup,Monthly,Self-Serve,1361.24,6,16,4,4,1,54032.0,1
HealthTech,Startup,Monthly,Assisted,860.0,23,22,18,4,1,5488.0,0
E-Commerce,Custom,Monthly,Self-Serve,2265.72,16,24,22,0,0,94055.0,0
E-Commerce,Enterprise,Annual,Dedicated-CSM,721.74,1,24,7,0,0,57081.0,0
EdTech,Custom,Multi-Year,Self-Serve,2304.13,41,22,8,0,0,30170.0,0
Media,Custom,Annual,Self-Serve,1604.9,14,30,21,1,0,58898.0,0
EdTech,Startup,Monthly,Dedicated-CSM,806.84,36,22,21,2,1,9487.0,0
FinTech,Growth,Multi-Year,Assisted,2099.26,38,15,6,4,2,39979.0,0
FinTech,Growth,Quarterly,Assisted,2131.54,10,24,21,2,0,48107.0,0
HealthTech,Growth,Monthly,Self-Serve,3582.77,12,23,13,4,1,131378.0,1
E-Commerce,Growth,Multi-Year,Assisted,3044.9,9,21,20,2,1,3462.0,0
FinTech,Growth,Annual,Assisted,2033.64,10,25,7,2,1,23483.0,0
E-Commerce,Growth,Annual,Self-Serve,513.65,40,25,24,1,1,138084.0,0
E-Commerce,Growth,Annual,Dedicated-CSM,10735.37,27,22,12,2,1,12245.0,0
HealthTech,Startup,Monthly,Assisted,406.23,2,12,11,1,1,83886.0,0
EdTech,Growth,Monthly,Self-Serve,3001.52,16,25,14,1,1,100.0,0
FinTech,Growth,Annual,Assisted,1932.54,72,28,17,2,0,1311.0,0
FinTech,Growth,Monthly,Assisted,493.73,16,21,17,3,1,19847.0,0
EdTech,Startup,Monthly,Self-Serve,1205.13,27,16,12,1,0,73160.0,0
E-Commerce,Enterprise,Annual,Assisted,1252.7,26,19,13,2,1,5499.0,0
EdTech,Startup,Annual,Self-Serve,4063.28,7,25,13,4,1,24132.0,0
HealthTech,Growth,Quarterly,Assisted,730.47,8,22,18,4,1,7048.0,0
FinTech,Enterprise,Annual,Assisted,1072.07,23,17,16,2,0,12654.0,0
Logistics,Growth,Annual,Assisted,183.89,12,14,2,1,0,34958.0,0
EdTech,Startup,Annual,Dedicated-CSM,5852.06,15,24,16,1,0,19220.0,0
EdTech,Growth,Monthly,Self-Serve,539.21,22,16,14,2,1,11907.0,0
HealthTech,Growth,Monthly,Assisted,1768.48,27,19,13,5,1,25002.0,0
E-Commerce,Enterprise,Monthly,Assisted,1228.81,5,24,20,4,2,60375.0,0
HealthTech,Enterprise,Monthly,Assisted,1232.38,2,24,21,3,1,6359.0,0
FinTech,Growth,Monthly,Assisted,2666.13,6,24,19,2,1,32657.0,0
Media,Growth,Monthly,Self-Serve,5544.56,12,20,15,2,0,16060.0,0
FinTech,Startup,Quarterly,Self-Serve,1658.67,7,29,28,6,3,23791.0,1
Media,Startup,Multi-Year,Self-Serve,2337.45,15,23,20,3,1,86174.0,0
HealthTech,Growth,Monthly,Dedicated-CSM,1771.46,1,21,17,3,2,132771.0,0
FinTech,Growth,Annual,Self-Serve,3180.84,12,23,6,3,0,13918.0,0
E-Commerce,Growth,Annual,Dedicated-CSM,903.72,8,21,8,2,0,49709.0,0
Logistics,Startup,Monthly,Assisted,3341.19,13,15,9,1,0,56455.0,0
EdTech,Startup,Multi-Year,Self-Serve,3442.4,9,17,13,0,0,92412.0,0
Logistics,Growth,Quarterly,Assisted,3361.55,6,19,8,1,0,114653.0,0
EdTech,Startup,Monthly,Dedicated-CSM,764.23,42,10,2,2,2,31555.0,0
EdTech,Enterprise,Annual,Dedicated-CSM,1160.86,3,17,7,1,0,202494.0,0
Logistics,Startup,Monthly,Self-Serve,1641.8,20,14,11,4,1,176729.0,0
FinTech,Growth,Annual,Self-Serve,417.71,46,15,13,6,3,35308.0,0
E-Commerce,Custom,Monthly,Self-Serve,5196.2,13,19,17,1,0,39048.0,0
FinTech,Startup,Annual,Self-Serve,1325.53,37,13,6,2,0,55093.0,0
Media,Growth,Monthly,Assisted,1705.03,2,24,11,2,1,23406.0,0
Media,Startup,Annual,Dedicated-CSM,820.2,12,15,7,3,1,,0
FinTech,Growth,Monthly,Self-Serve,433.61,10,21,10,3,1,36107.0,0
EdTech,Growth,Annual,Assisted,801.57,1,22,16,2,0,1804.0,0
Media,Growth,Annual,Assisted,1613.76,10,23,11,4,1,95774.0,0
FinTech,Growth,Quarterly,Self-Serve,2374.2,8,18,3,1,1,141043.0,1
E-Commerce,Enterprise,Annual,Self-Serve,1536.9,19,18,9,1,1,1329.0,0
Media,Startup,Quarterly,Assisted,1798.51,50,21,7,2,0,77857.0,0
FinTech,Startup,Annual,Dedicated-CSM,1005.79,1,22,4,5,2,24373.0,0
EdTech,Enterprise,Quarterly,Assisted,2042.26,7,18,10,1,0,44050.0,0
HealthTech,Growth,Annual,Self-Serve,4723.98,10,25,9,4,1,34657.0,0
Media,Enterprise,Annual,Self-Serve,2438.34,10,27,15,2,1,40071.0,0
Media,Growth,Monthly,Self-Serve,2665.4,26,23,9,2,1,34178.0,0
Media,Enterprise,Monthly,Assisted,1719.72,10,20,13,0,0,95994.0,0
E-Commerce,Growth,Monthly,Assisted,373.28,1,27,26,4,2,57523.0,1
Logistics,Enterprise,Annual,Self-Serve,551.16,22,16,10,5,2,26606.0,0
Logistics,Custom,Monthly,Dedicated-CSM,1971.69,38,16,11,5,0,58329.0,0
HealthTech,Growth,Quarterly,Assisted,1327.03,12,21,19,0,0,167689.0,0
Logistics,Startup,Annual,Assisted,1946.65,15,8,3,2,2,4186.0,1
FinTech,Startup,Monthly,Dedicated-CSM,5568.94,3,15,4,1,0,24559.0,1
E-Commerce,Startup,Annual,Self-Serve,2482.77,4,22,9,1,0,102186.0,0
FinTech,Startup,Monthly,Dedicated-CSM,3905.16,4,16,8,2,2,67172.0,1
FinTech,Startup,Monthly,Self-Serve,1451.68,10,22,15,5,1,136614.0,0
FinTech,Growth,Annual,Self-Serve,674.43,47,31,6,2,0,2031.0,0
EdTech,Growth,Monthly,Dedicated-CSM,1275.14,13,13,11,2,0,99307.0,0
HealthTech,Growth,Monthly,Dedicated-CSM,675.84,3,26,6,2,0,78463.0,0
EdTech,Growth,Annual,Assisted,5036.92,5,18,16,2,0,84381.0,0
FinTech,Startup,Monthly,Assisted,2622.37,8,17,16,2,1,45474.0,0
HealthTech,Startup,Multi-Year,Assisted,2084.82,17,20,19,2,1,2666.0,0
E-Commerce,Startup,Multi-Year,Dedicated-CSM,3829.74,10,24,20,3,1,38732.0,0
EdTech,Growth,Monthly,Self-Serve,240.56,8,16,5,1,0,26191.0,0
HealthTech,Startup,Monthly,Dedicated-CSM,2208.17,14,19,14,2,1,37437.0,1
E-Commerce,Startup,Annual,Assisted,439.64,4,19,6,2,1,67411.0,0
Logistics,Growth,Quarterly,Assisted,1331.2,1,19,17,4,3,45312.0,1
E-Commerce,Enterprise,Monthly,Assisted,1027.67,1,15,6,4,1,17305.0,0
FinTech,Startup,Annual,Assisted,2350.72,5,18,8,2,0,45753.0,0
FinTech,Growth,Monthly,Dedicated-CSM,1626.13,1,13,12,2,1,4340.0,0
Logistics,Growth,Annual,Assisted,4202.14,7,17,3,3,0,269.0,0
FinTech,Enterprise,Monthly,Dedicated-CSM,803.03,26,19,6,2,2,25669.0,0
Logistics,Custom,Monthly,Self-Serve,2447.32,22,28,15,0,0,70773.0,0
E-Commerce,Startup,Monthly,Assisted,1537.46,16,22,16,2,1,86477.0,0
Media,Startup,Multi-Year,Dedicated-CSM,333.62,34,20,14,1,0,39908.0,0
EdTech,Enterprise,Annual,Assisted,613.5,5,15,11,3,1,101250.0,0
Media,Growth,Annual,Assisted,1179.21,38,25,22,2,0,6729.0,0
HealthTech,Growth,Monthly,Assisted,3447.65,9,21,6,1,1,166359.0,0
EdTech,Growth,Monthly,Dedicated-CSM,1986.57,9,17,10,4,3,127399.0,1
HealthTech,Growth,Monthly,Dedicated-CSM,496.52,9,26,20,1,0,45719.0,0
E-Commerce,Custom,Quarterly,Self-Serve,1188.84,1,11,7,6,1,3026.0,1
E-Commerce,Custom,Quarterly,Dedicated-CSM,7443.79,66,19,10,4,1,30275.0,0
Logistics,Enterprise,Annual,Assisted,1472.24,2,18,3,2,1,9878.0,0
Media,Startup,Monthly,Self-Serve,1014.12,7,13,3,1,0,49500.0,0
EdTech,Enterprise,Multi-Year,Dedicated-CSM,2034.45,6,20,5,2,1,10534.0,0
HealthTech,Startup,Monthly,Assisted,2562.87,1,18,8,7,1,32869.0,1
HealthTech,Startup,Multi-Year,Dedicated-CSM,908.92,2,16,4,4,0,11510.0,0
EdTech,Enterprise,Monthly,Self-Serve,2053.27,1,17,9,3,1,10035.0,0
FinTech,Startup,Quarterly,Self-Serve,1012.77,6,21,7,1,0,14246.0,0
FinTech,Startup,Monthly,Assisted,2468.65,36,19,15,5,2,1482.0,0
HealthTech,Startup,Monthly,Self-Serve,1547.26,7,15,13,2,0,62959.0,0
HealthTech,Enterprise,Quarterly,Assisted,2017.62,2,20,10,3,2,18317.0,1
HealthTech,Growth,Monthly,Self-Serve,702.53,18,20,12,2,1,59884.0,0
FinTech,Growth,Monthly,Assisted,666.41,72,21,20,2,1,52990.0,0
FinTech,Startup,Annual,Self-Serve,2991.93,4,20,12,0,0,3420.0,0
FinTech,Enterprise,Annual,Self-Serve,1252.02,5,27,26,5,1,18701.0,0
Media,Enterprise,Annual,Assisted,1706.64,64,19,5,1,0,41835.0,0
HealthTech,Startup,Monthly,Self-Serve,1032.32,3,22,19,3,0,125297.0,0
HealthTech,Growth,Annual,Assisted,2875.32,12,20,11,1,0,25651.0,0
EdTech,Startup,Quarterly,Dedicated-CSM,799.0,4,22,4,2,1,35139.0,0
FinTech,Custom,Monthly,Assisted,1193.61,48,15,14,0,0,69346.0,0
Media,Growth,Quarterly,Dedicated-CSM,2612.58,71,18,17,1,1,81303.0,0
EdTech,Custom,Monthly,Self-Serve,3630.13,30,18,9,1,1,128419.0,1
FinTech,Startup,Monthly,Self-Serve,858.17,6,15,14,2,1,34377.0,0
HealthTech,Enterprise,Monthly,Dedicated-CSM,7084.97,9,20,6,1,1,10774.0,1
Logistics,Enterprise,Monthly,Assisted,1748.05,4,29,21,3,2,72285.0,0
Media,Growth,Annual,Assisted,551.98,39,19,6,3,0,6709.0,0
E-Commerce,Custom,Annual,Assisted,1832.97,44,18,7,0,0,27094.0,0
E-Commerce,Growth,Multi-Year,Assisted,967.24,9,17,13,2,1,49472.0,0
FinTech,Startup,Annual,Self-Serve,1937.12,19,15,7,6,2,58859.0,0
Media,Growth,Monthly,Assisted,1291.52,3,10,2,2,0,66031.0,1
FinTech,Enterprise,Annual,Assisted,1426.72,10,17,9,2,0,10755.0,0
Media,Growth,Annual,Assisted,617.17,17,18,6,3,1,199904.0,0
E-Commerce,Startup,Monthly,Dedicated-CSM,3107.43,8,23,17,7,3,9826.0,1
E-Commerce,Growth,Quarterly,Self-Serve,501.34,7,22,7,4,0,5050.0,0
E-Commerce,Startup,Multi-Year,Self-Serve,521.94,1,16,13,3,1,54540.0,0
FinTech,Growth,Quarterly,Dedicated-CSM,1830.34,29,15,6,2,2,120397.0,0
FinTech,Growth,Multi-Year,Assisted,5231.31,39,21,10,4,2,40979.0,0
FinTech,Enterprise,Monthly,Assisted,992.57,62,13,5,3,0,45253.0,0
FinTech,Startup,Monthly,Self-Serve,2430.44,22,19,13,3,0,38662.0,0
EdTech,Growth,Monthly,Self-Serve,3335.37,14,20,5,2,1,2184.0,0
HealthTech,Startup,Quarterly,Assisted,2677.08,5,18,10,3,2,57177.0,0
FinTech,Startup,Annual,Self-Serve,1028.11,72,20,9,2,1,22174.0,0
Media,Enterprise,Multi-Year,Dedicated-CSM,529.86,16,17,15,3,1,137189.0,0
Logistics,Custom,Monthly,Dedicated-CSM,205.12,20,20,5,1,0,10338.0,0
Media,Growth,Monthly,Dedicated-CSM,1071.25,20,24,20,3,1,17985.0,0
Media,Enterprise,Annual,Self-Serve,3645.96,33,25,8,4,2,35145.0,0
FinTech,Enterprise,Annual,Assisted,515.15,1,15,4,3,2,32443.0,1
HealthTech,Enterprise,Monthly,Self-Serve,2428.86,4,19,6,1,0,25567.0,0
EdTech,Startup,Quarterly,Self-Serve,597.27,19,17,4,2,1,18873.0,0
EdTech,Custom,Annual,Self-Serve,1465.81,40,17,10,2,1,7961.0,0
FinTech,Growth,Annual,Self-Serve,2444.57,20,22,21,3,2,85997.0,0
Logistics,Startup,Quarterly,Dedicated-CSM,764.66,9,22,5,1,0,29780.0,0
FinTech,Startup,Monthly,Self-Serve,1548.3,8,25,14,3,0,42543.0,0
FinTech,Growth,Multi-Year,Self-Serve,941.22,24,25,12,3,1,39544.0,0
E-Commerce,Startup,Annual,Dedicated-CSM,2439.08,24,22,10,1,1,42841.0,0
E-Commerce,Startup,Monthly,Self-Serve,1636.02,16,23,10,0,0,61012.0,0
E-Commerce,Startup,Monthly,Assisted,1405.34,6,22,20,0,0,49629.0,0
FinTech,Enterprise,Annual,Self-Serve,5037.16,46,19,4,3,2,16004.0,0
Logistics,Enterprise,Monthly,Self-Serve,2351.86,14,21,17,2,1,40339.0,0
HealthTech,Startup,Monthly,Dedicated-CSM,744.86,28,18,7,6,0,14020.0,0
FinTech,Enterprise,Quarterly,Self-Serve,1245.16,4,18,9,0,0,44438.0,0
Logistics,Enterprise,Monthly,Assisted,1255.75,7,20,10,3,1,28276.0,1
Media,Enterprise,Annual,Self-Serve,1434.07,37,20,8,3,2,2011.0,1
Logistics,Startup,Monthly,Self-Serve,11451.01,1,20,5,5,4,66210.0,1
Logistics,Growth,Annual,Self-Serve,1835.78,12,28,8,2,1,16056.0,0
EdTech,Custom,Monthly,Self-Serve,237.34,11,22,9,1,1,126408.0,1
E-Commerce,Growth,Monthly,Self-Serve,844.4,25,31,26,2,0,16464.0,0
FinTech,Startup,Monthly,Assisted,259.17,5,20,6,5,2,284535.0,1
HealthTech,Growth,Multi-Year,Assisted,1011.99,4,20,15,2,0,31083.0,0
HealthTech,Growth,Annual,Self-Serve,247.35,46,25,10,1,0,1338.0,0
HealthTech,Growth,Monthly,Assisted,638.52,15,20,18,5,3,3967.0,0
EdTech,Startup,Annual,Dedicated-CSM,367.74,1,17,9,4,3,4283.0,0
E-Commerce,Startup,Annual,Dedicated-CSM,1856.66,3,14,4,1,0,2893.0,0
FinTech,Enterprise,Multi-Year,Assisted,1340.04,72,23,22,2,0,15584.0,0
FinTech,Enterprise,Monthly,Dedicated-CSM,1732.84,3,21,7,1,0,19622.0,0
EdTech,Startup,Annual,Self-Serve,1225.53,16,18,11,2,1,5899.0,0
FinTech,Custom,Monthly,Self-Serve,409.46,9,23,15,2,0,28824.0,0
Logistics,Startup,Monthly,Assisted,2072.46,39,16,7,3,1,22734.0,0
E-Commerce,Growth,Multi-Year,Assisted,6862.94,25,16,15,2,1,50575.0,0
E-Commerce,Enterprise,Quarterly,Assisted,1896.62,16,17,14,4,3,10899.0,0
E-Commerce,Enterprise,Monthly,Assisted,932.59,1,15,12,1,0,122662.0,0
Logistics,Custom,Monthly,Dedicated-CSM,397.88,38,17,16,5,3,,0
HealthTech,Startup,Annual,Dedicated-CSM,619.02,10,20,11,3,1,48873.0,0
EdTech,Enterprise,Annual,,1968.61,48,23,6,2,0,2016.0,0
E-Commerce,Startup,Monthly,Assisted,3334.74,12,22,17,2,1,40946.0,0
HealthTech,Enterprise,Multi-Year,Self-Serve,1671.93,21,22,11,1,1,22951.0,0
Logistics,Enterprise,Monthly,Self-Serve,2643.62,1,22,7,2,0,128964.0,0
EdTech,Growth,Monthly,Self-Serve,2444.33,24,17,9,1,0,108422.0,0
EdTech,Startup,Multi-Year,Assisted,2060.19,7,19,17,2,1,50757.0,0
Logistics,Enterprise,Monthly,Self-Serve,765.32,7,18,6,2,0,73019.0,0
Logistics,Startup,Monthly,Dedicated-CSM,1552.83,2,16,14,2,1,51725.0,0
EdTech,Startup,Quarterly,Self-Serve,651.24,2,23,12,1,0,856.0,0
Logistics,Enterprise,Annual,Assisted,1359.42,3,23,7,2,0,60722.0,0
EdTech,Growth,Monthly,Self-Serve,1774.43,7,22,19,3,0,9745.0,0
EdTech,Enterprise,Multi-Year,Self-Serve,5580.12,40,20,19,0,0,57375.0,0
E-Commerce,Growth,Annual,Dedicated-CSM,439.98,8,22,9,2,0,528.0,0
EdTech,Startup,Monthly,Assisted,2016.83,23,21,9,1,0,18619.0,0
FinTech,Enterprise,Annual,Dedicated-CSM,4717.58,1,18,9,1,0,36379.0,0
Logistics,Growth,Monthly,Dedicated-CSM,2552.99,16,11,9,3,2,20261.0,1
Logistics,Startup,Monthly,Self-Serve,2718.96,11,18,3,4,2,59206.0,1
FinTech,Enterprise,Annual,Self-Serve,2207.33,68,21,7,2,0,36982.0,0
Logistics,Growth,Multi-Year,Dedicated-CSM,4038.32,33,20,15,1,1,160530.0,0
FinTech,Growth,Monthly,Dedicated-CSM,531.47,10,18,9,3,2,22144.0,0
HealthTech,Growth,Monthly,Assisted,412.39,26,21,9,2,1,63981.0,0
EdTech,Enterprise,Quarterly,Assisted,1332.24,3,22,19,6,2,90346.0,0
FinTech,Enterprise,Monthly,Assisted,213.37,14,19,17,1,0,14626.0,0
Logistics,Enterprise,Monthly,Self-Serve,3812.53,1,23,22,1,1,70148.0,0
Logistics,Startup,Monthly,Assisted,3780.49,7,22,9,0,0,24987.0,0
E-Commerce,Enterprise,Annual,Dedicated-CSM,926.72,4,21,19,3,1,6890.0,0
FinTech,Growth,Monthly,Assisted,977.35,22,17,13,2,1,183.0,0
HealthTech,Growth,Monthly,Self-Serve,1259.54,12,26,8,0,0,68082.0,0
E-Commerce,Growth,Annual,Self-Serve,1399.99,25,26,17,2,0,10305.0,0
Media,Enterprise,Annual,Self-Serve,1492.34,13,27,5,3,1,2628.0,0
E-Commerce,Enterprise,Quarterly,Self-Serve,2152.74,1,20,15,2,1,34379.0,0
HealthTech,Startup,Monthly,Dedicated-CSM,1156.63,23,18,14,1,0,21286.0,0
E-Commerce,Growth,Annual,Self-Serve,2986.07,32,25,20,3,0,58851.0,0
E-Commerce,Enterprise,Monthly,Self-Serve,1956.78,42,20,6,0,0,5679.0,0
EdTech,Startup,Monthly,Self-Serve,799.58,15,13,9,2,0,7116.0,1
FinTech,Custom,Annual,Assisted,4166.56,25,21,7,3,0,25885.0,0
EdTech,Growth,Monthly,Assisted,422.2,25,16,15,3,1,36741.0,0
E-Commerce,Growth,Monthly,Self-Serve,1238.5,3,13,9,3,2,86919.0,1
Media,Startup,Monthly,Self-Serve,3046.9,3,11,3,0,0,44049.0,0
HealthTech,Startup,Monthly,Self-Serve,724.43,1,21,7,2,1,116445.0,0
E-Commerce,Custom,Monthly,Assisted,1742.58,6,23,16,6,1,12280.0,0
Media,Startup,Multi-Year,Self-Serve,2125.66,11,14,8,3,2,45344.0,0
FinTech,Enterprise,Monthly,Dedicated-CSM,644.55,72,24,18,0,0,53245.0,0
Media,Growth,Monthly,Assisted,1259.4,10,16,6,3,1,64696.0,0
EdTech,Startup,Monthly,Self-Serve,1172.59,23,23,16,2,0,223930.0,0
FinTech,Startup,Multi-Year,Assisted,838.0,21,14,4,0,0,31559.0,0
HealthTech,Growth,Quarterly,Self-Serve,9475.11,4,14,8,1,0,23048.0,0
EdTech,Custom,Monthly,Assisted,700.2,1,21,20,0,0,95597.0,0
FinTech,Growth,Annual,Self-Serve,3146.96,14,14,9,2,1,9727.0,0
E-Commerce,Growth,Monthly,Assisted,959.22,21,24,5,0,0,1887.0,0
HealthTech,Startup,Monthly,Assisted,531.85,72,12,11,2,0,29312.0,0
E-Commerce,Growth,Monthly,Dedicated-CSM,1461.75,7,20,6,0,0,14198.0,0
FinTech,Growth,Monthly,Self-Serve,2325.59,40,22,17,2,1,25253.0,0
Logistics,Enterprise,Monthly,Self-Serve,2929.05,8,14,8,3,2,213733.0,1
Media,Growth,Annual,Assisted,5053.95,21,23,10,1,0,21423.0,0
Media,Growth,Monthly,Dedicated-CSM,16374.15,16,23,7,2,0,61544.0,1
EdTech,Startup,Quarterly,Dedicated-CSM,1657.29,1,17,5,2,1,14411.0,0
FinTech,Custom,Monthly,Self-Serve,762.32,1,21,18,0,0,18079.0,0
EdTech,Startup,Monthly,Self-Serve,1968.33,1,21,18,3,0,13930.0,1
FinTech,Startup,Monthly,Assisted,1068.19,8,17,9,2,0,42450.0,0
FinTech,Growth,Multi-Year,Self-Serve,2942.67,24,17,4,1,0,12816.0,0
HealthTech,Growth,Monthly,Self-Serve,444.7,3,15,13,2,0,63357.0,0
E-Commerce,Growth,Annual,Self-Serve,10027.48,16,14,8,3,2,57015.0,1
EdTech,Growth,Monthly,Assisted,2772.88,6,16,8,4,0,27346.0,0
EdTech,Enterprise,Monthly,Dedicated-CSM,320.09,28,20,10,3,2,1295.0,0
HealthTech,Startup,Monthly,Dedicated-CSM,733.13,28,21,10,1,0,1146.0,0
HealthTech,Enterprise,Monthly,Self-Serve,2680.26,26,13,8,1,0,38051.0,0
Media,Growth,Monthly,Assisted,3640.56,13,19,12,3,2,91379.0,0
HealthTech,Growth,Monthly,Dedicated-CSM,454.23,6,18,10,3,1,45674.0,0
E-Commerce,Growth,Annual,Self-Serve,2455.47,29,16,14,2,1,28604.0,0
FinTech,Startup,Monthly,Assisted,255.89,3,18,8,1,1,106904.0,0
EdTech,Enterprise,Quarterly,Assisted,1241.49,6,16,10,2,0,10970.0,0
EdTech,Growth,Monthly,Self-Serve,3446.93,3,25,10,0,0,22269.0,0
FinTech,Startup,Quarterly,Assisted,838.16,20,26,20,3,0,41656.0,0
FinTech,Growth,Quarterly,Self-Serve,372.08,20,11,3,4,2,17242.0,0
EdTech,Custom,Monthly,Assisted,1516.69,19,20,7,3,1,304014.0,0
EdTech,Growth,Monthly,Self-Serve,801.1,9,21,17,5,1,30103.0,0
HealthTech,Custom,Annual,Self-Serve,2287.29,1,22,7,3,2,2655.0,0
Media,Startup,Annual,Self-Serve,631.11,43,18,12,2,1,9684.0,0
FinTech,Startup,Monthly,Dedicated-CSM,694.55,12,23,22,0,0,38016.0,0
HealthTech,Startup,Monthly,Assisted,240.36,9,20,12,1,0,39932.0,0
Media,Growth,Annual,Assisted,1547.59,15,27,9,0,0,207211.0,0
HealthTech,Startup,Monthly,Assisted,1168.21,3,10,4,2,2,45810.0,1
E-Commerce,Startup,Quarterly,Assisted,487.78,2,13,11,1,0,54925.0,0
HealthTech,Custom,Monthly,Self-Serve,1579.29,9,20,9,2,1,12022.0,0
HealthTech,Enterprise,Monthly,Assisted,3206.74,4,16,12,4,1,5651.0,0
Media,Enterprise,Quarterly,Self-Serve,1115.18,5,18,14,2,0,46066.0,0
HealthTech,Startup,Quarterly,Self-Serve,1682.34,40,27,16,3,1,100080.0,0
Logistics,Startup,Monthly,Assisted,1689.71,13,22,18,4,0,44261.0,0
FinTech,Startup,Quarterly,Self-Serve,481.22,11,26,11,0,0,29240.0,0
FinTech,Enterprise,Annual,Self-Serve,7693.24,21,12,7,3,0,43162.0,0
FinTech,Custom,Quarterly,Assisted,897.65,54,22,16,0,0,31628.0,0
EdTech,Growth,Monthly,Assisted,2339.51,2,17,5,2,0,7651.0,0
HealthTech,Startup,Quarterly,Assisted,2575.59,32,19,7,1,0,67582.0,0
Logistics,Growth,Annual,,1189.57,15,13,9,3,1,38075.0,0
E-Commerce,Startup,Annual,Assisted,2243.46,2,20,14,3,2,25485.0,0
Media,Growth,Annual,Assisted,1650.69,6,24,14,1,1,41008.0,0
FinTech,Growth,Monthly,Self-Serve,401.42,11,16,13,4,1,13803.0,0
Logistics,Enterprise,Annual,Self-Serve,1009.86,21,31,18,2,0,,0
EdTech,Startup,Annual,Assisted,795.79,5,20,18,2,1,48702.0,0
EdTech,Startup,Monthly,Self-Serve,904.62,13,12,9,5,2,12822.0,1
Logistics,Custom,Monthly,Dedicated-CSM,442.13,20,10,4,2,1,69114.0,0
EdTech,Startup,Monthly,Dedicated-CSM,3489.34,10,18,9,2,0,36804.0,1
E-Commerce,Startup,Annual,Self-Serve,5227.53,35,20,14,0,0,98919.0,0
FinTech,Startup,Monthly,Self-Serve,3075.75,36,20,18,2,0,93943.0,0
FinTech,Startup,Quarterly,Self-Serve,3944.0,11,30,10,2,0,34112.0,0
Media,Growth,Multi-Year,Self-Serve,999.31,64,29,17,1,0,10875.0,0
E-Commerce,Enterprise,Annual,Self-Serve,779.91,1,20,5,0,0,66712.0,0
EdTech,Startup,Multi-Year,Assisted,691.04,1,12,5,3,1,27123.0,0
E-Commerce,Growth,Multi-Year,Dedicated-CSM,2315.67,8,23,17,2,0,45147.0,0
FinTech,Growth,Monthly,Assisted,1624.58,16,21,5,2,1,5673.0,0
FinTech,Growth,Annual,Self-Serve,1254.34,17,18,13,1,1,49927.0,0
EdTech,Enterprise,Monthly,Self-Serve,4027.4,11,25,23,4,3,23384.0,0
HealthTech,Enterprise,Annual,Assisted,1889.75,2,16,15,5,0,,0
FinTech,Startup,Monthly,Dedicated-CSM,656.64,3,30,11,4,1,195391.0,1
E-Commerce,Enterprise,Multi-Year,Dedicated-CSM,750.87,34,24,19,1,0,28320.0,0
FinTech,Growth,Annual,Dedicated-CSM,2391.54,36,18,16,5,1,56666.0,0
E-Commerce,Custom,Annual,Assisted,3246.96,20,23,6,1,0,49406.0,0
HealthTech,Growth,Monthly,Assisted,2140.79,19,21,11,3,1,5508.0,0
EdTech,Custom,Monthly,Self-Serve,6716.72,16,26,24,1,0,68902.0,0
HealthTech,Enterprise,Annual,Assisted,5376.3,4,22,7,2,1,19516.0,1
E-Commerce,Startup,Monthly,Self-Serve,1948.63,10,21,19,4,4,80207.0,1
FinTech,Growth,Annual,Assisted,656.69,21,18,11,2,1,46779.0,0
FinTech,Custom,Monthly,Assisted,439.88,13,19,5,0,0,19070.0,1
HealthTech,Enterprise,Annual,Self-Serve,963.65,1,20,11,3,2,22026.0,0
E-Commerce,Startup,Monthly,Self-Serve,2540.79,55,21,9,2,1,65747.0,0
E-Commerce,Enterprise,Annual,Self-Serve,6327.43,33,12,5,3,1,39932.0,0
HealthTech,Startup,Annual,Self-Serve,1909.95,5,27,17,1,1,55184.0,0
EdTech,Startup,Monthly,Self-Serve,3617.05,17,22,12,3,1,8618.0,0
Logistics,Growth,Monthly,Self-Serve,1087.34,46,18,10,1,1,77318.0,0
EdTech,Startup,Monthly,Self-Serve,2274.13,1,20,5,1,0,19312.0,0
FinTech,Enterprise,Quarterly,Self-Serve,2696.89,12,17,14,7,4,48361.0,1
E-Commerce,Startup,Quarterly,Dedicated-CSM,248.97,10,20,11,0,0,6090.0,0
FinTech,Enterprise,Annual,Self-Serve,942.54,9,28,23,1,0,19388.0,0
FinTech,Startup,Quarterly,Self-Serve,3002.63,32,17,14,3,1,52330.0,0
Media,Startup,Monthly,Assisted,1691.38,8,21,9,2,0,16024.0,1
FinTech,Startup,Monthly,Dedicated-CSM,484.42,1,14,2,4,0,106143.0,1
E-Commerce,Startup,Monthly,Assisted,169.76,1,18,16,2,1,54121.0,0
E-Commerce,Startup,Monthly,Self-Serve,981.5,1,14,11,0,0,102118.0,0
EdTech,Startup,Multi-Year,Assisted,1260.36,9,21,6,1,1,25159.0,0
E-Commerce,Growth,Annual,Assisted,631.86,22,15,11,0,0,1729.0,0
FinTech,Startup,Monthly,,1512.66,4,20,4,5,1,42918.0,1
HealthTech,Growth,Quarterly,Assisted,2059.93,18,20,4,1,0,,0
E-Commerce,Growth,Annual,Dedicated-CSM,2368.67,20,23,14,3,1,29727.0,0
FinTech,Enterprise,Monthly,Dedicated-CSM,180.81,5,28,7,2,0,57145.0,1
HealthTech,Custom,Monthly,Assisted,438.28,16,19,18,2,0,60310.0,0
FinTech,Growth,Monthly,Assisted,1033.88,20,19,17,2,1,1397.0,0
FinTech,Startup,Quarterly,Assisted,2178.4,11,23,16,2,2,73332.0,0
HealthTech,Startup,Multi-Year,Dedicated-CSM,2030.12,7,31,7,3,2,34013.0,0
FinTech,Custom,Annual,Self-Serve,2000.37,17,18,8,3,2,40675.0,0
E-Commerce,Startup,Monthly,Dedicated-CSM,966.9,68,10,4,3,1,17691.0,0
EdTech,Startup,Monthly,Self-Serve,1013.85,10,20,11,4,2,27308.0,0
Logistics,Startup,Annual,Assisted,721.2,8,25,8,0,0,61958.0,0
FinTech,Startup,Annual,Dedicated-CSM,2573.35,11,24,15,4,1,74965.0,0
FinTech,Startup,Annual,Self-Serve,612.52,1,18,9,4,2,24478.0,1
FinTech,Enterprise,Annual,Assisted,2758.74,14,22,21,3,2,58740.0,0
E-Commerce,Startup,Monthly,Self-Serve,1598.27,7,18,17,0,0,14923.0,0
EdTech,Growth,Annual,Self-Serve,1289.12,2,16,10,3,0,89196.0,0
FinTech,Startup,Annual,Self-Serve,766.47,11,22,15,0,0,47057.0,0
Media,Startup,Monthly,Self-Serve,423.18,1,24,7,0,0,74624.0,0
FinTech,Custom,Annual,Self-Serve,772.39,9,20,7,2,0,32423.0,0
E-Commerce,Startup,Monthly,Dedicated-CSM,1011.81,2,21,19,1,0,13010.0,0
EdTech,Enterprise,Monthly,Dedicated-CSM,178.81,1,20,15,1,1,28039.0,0
Logistics,Growth,Monthly,Self-Serve,1132.57,31,20,7,6,3,24022.0,1
EdTech,Startup,Monthly,Assisted,2938.64,44,22,14,3,2,20227.0,0
Logistics,Custom,Monthly,Self-Serve,2169.25,4,18,17,5,1,11924.0,1
HealthTech,Startup,Monthly,Self-Serve,878.51,13,16,7,2,0,71183.0,0
Logistics,Enterprise,Quarterly,Self-Serve,1393.95,5,12,4,4,0,4515.0,0
FinTech,Startup,Quarterly,Dedicated-CSM,834.86,12,22,20,3,2,109267.0,0
Logistics,Enterprise,Monthly,Dedicated-CSM,1519.97,10,17,9,1,0,9620.0,0
E-Commerce,Startup,Monthly,Self-Serve,4959.66,5,29,15,4,2,195286.0,1
Logistics,Growth,Annual,Self-Serve,3051.0,21,17,7,2,0,223132.0,0
E-Commerce,Enterprise,Monthly,Self-Serve,2085.31,2,20,18,0,0,25407.0,0
E-Commerce,Custom,Monthly,Assisted,880.99,1,24,21,3,0,220402.0,0
E-Commerce,Custom,Annual,Assisted,2533.73,26,24,12,2,1,101654.0,0
EdTech,Enterprise,Annual,Self-Serve,319.31,19,14,3,3,0,4301.0,0
FinTech,Enterprise,Annual,Assisted,1080.85,12,29,16,4,1,147184.0,0
FinTech,Startup,Quarterly,Self-Serve,2199.87,11,22,7,2,0,2172.0,0
FinTech,Startup,Monthly,Dedicated-CSM,2513.32,12,14,4,2,1,10039.0,1
FinTech,Startup,Annual,Assisted,2367.05,10,15,7,4,1,43925.0,0
Logistics,Growth,Monthly,Assisted,1720.91,8,13,3,2,2,4209.0,0
FinTech,Growth,Monthly,Assisted,1134.14,12,18,17,1,0,8821.0,0
Media,Growth,Monthly,Dedicated-CSM,2115.99,13,16,3,2,0,153406.0,0
HealthTech,Startup,Annual,Self-Serve,595.9,21,18,9,4,1,261888.0,0
FinTech,Growth,Monthly,Self-Serve,653.29,22,17,5,1,0,80008.0,0
EdTech,Startup,Multi-Year,Dedicated-CSM,1411.59,8,22,16,2,1,36202.0,0
EdTech,Startup,Annual,Self-Serve,1551.87,9,20,5,9,5,115280.0,1
E-Commerce,Growth,Quarterly,Self-Serve,283.79,8,17,10,1,1,5933.0,0
E-Commerce,Enterprise,Annual,Assisted,1972.14,13,23,18,3,1,143140.0,0
EdTech,Enterprise,Annual,Dedicated-CSM,2583.29,10,21,20,4,1,21659.0,0
FinTech,Growth,Annual,Assisted,1254.27,39,14,10,0,0,98840.0,0
Media,Startup,Monthly,Dedicated-CSM,10079.88,21,17,4,2,0,55187.0,1
Media,Growth,Annual,Assisted,749.57,41,18,4,1,1,161288.0,0
EdTech,Startup,Quarterly,Self-Serve,985.43,22,18,14,2,2,100005.0,0
FinTech,Growth,Multi-Year,Assisted,957.37,63,16,5,1,0,109417.0,0
EdTech,Growth,Quarterly,Assisted,1255.44,18,21,11,1,0,49950.0,0
FinTech,Startup,Quarterly,Self-Serve,1012.91,59,20,19,2,1,89536.0,0
FinTech,Startup,Annual,Self-Serve,405.13,3,23,19,3,0,70762.0,0
HealthTech,Custom,Annual,Self-Serve,841.71,1,17,14,1,0,8814.0,0
E-Commerce,Custom,Quarterly,Assisted,1232.77,15,24,21,2,0,52291.0,0
Logistics,Growth,Monthly,Dedicated-CSM,3805.82,72,16,11,2,0,8019.0,0
EdTech,Startup,Quarterly,Assisted,8707.21,9,25,19,4,2,101802.0,1
EdTech,Startup,Multi-Year,Dedicated-CSM,4167.84,4,18,8,2,1,3411.0,0
HealthTech,Growth,Annual,Self-Serve,692.93,13,21,20,0,0,217320.0,0
HealthTech,Custom,Annual,Dedicated-CSM,741.42,18,27,11,2,1,,0
HealthTech,Startup,Monthly,Dedicated-CSM,1169.78,6,23,15,0,0,9354.0,0
Media,Enterprise,Quarterly,Self-Serve,6105.07,22,21,8,1,1,137190.0,1
FinTech,Startup,Annual,Dedicated-CSM,1163.73,66,19,5,1,0,2325.0,0
Logistics,Custom,Annual,Self-Serve,433.38,40,25,16,0,0,31754.0,0
E-Commerce,Growth,Monthly,Dedicated-CSM,874.8,6,21,10,4,2,73533.0,1
HealthTech,Enterprise,Annual,Dedicated-CSM,2549.11,7,14,9,1,0,19045.0,0
EdTech,Startup,Quarterly,Assisted,2407.75,8,13,8,5,2,37627.0,0
E-Commerce,Growth,Monthly,Assisted,1129.82,9,12,7,2,1,60268.0,0
Logistics,Startup,Monthly,Self-Serve,2394.43,1,19,5,2,1,151803.0,1
Media,Startup,Monthly,Assisted,193.99,25,21,11,2,1,5418.0,0
HealthTech,Custom,Quarterly,Self-Serve,1463.02,8,10,8,4,2,8553.0,1
HealthTech,Custom,Monthly,Assisted,2783.83,38,11,4,1,0,35552.0,0
E-Commerce,Enterprise,Monthly,Assisted,659.89,47,20,11,4,2,27105.0,0
Media,Growth,Annual,Dedicated-CSM,657.94,1,24,14,1,0,26449.0,0
FinTech,Enterprise,Monthly,Self-Serve,274.11,72,19,16,5,2,17617.0,0
E-Commerce,Startup,Monthly,Dedicated-CSM,5174.05,22,18,13,1,0,41127.0,0
E-Commerce,Startup,Quarterly,Dedicated-CSM,726.23,13,17,4,2,0,107402.0,0
EdTech,Startup,Quarterly,Assisted,1644.0,8,22,19,0,0,8773.0,0
FinTech,Growth,Annual,Self-Serve,2237.98,13,16,13,2,0,12122.0,0
EdTech,Growth,Monthly,Self-Serve,4842.85,7,22,17,2,0,55558.0,0
Media,Startup,Annual,Self-Serve,1175.19,17,22,12,3,2,2892.0,0
FinTech,Growth,Annual,Assisted,846.82,1,21,16,3,2,56007.0,1
FinTech,Enterprise,Monthly,Assisted,1551.7,17,13,7,3,2,18877.0,0
Media,Growth,Monthly,Dedicated-CSM,3989.69,5,18,14,2,1,22147.0,1
FinTech,Startup,Monthly,Self-Serve,1159.05,1,19,17,5,1,26006.0,1
Logistics,Startup,Monthly,Self-Serve,594.88,14,18,16,2,1,21507.0,0
E-Commerce,Startup,Annual,Assisted,361.53,15,23,12,3,2,92009.0,1
FinTech,Startup,Quarterly,Dedicated-CSM,474.33,10,22,19,2,1,146002.0,0
Logistics,Growth,Monthly,Dedicated-CSM,2792.61,1,21,5,3,0,39705.0,0
HealthTech,Growth,Monthly,Dedicated-CSM,1019.91,40,19,5,5,2,43599.0,1
E-Commerce,Growth,Monthly,Assisted,799.2,17,23,14,4,0,3655.0,0
HealthTech,Growth,Quarterly,Assisted,728.82,2,19,13,5,1,62447.0,0
E-Commerce,Enterprise,Monthly,Dedicated-CSM,1439.84,12,21,6,6,2,43865.0,0
FinTech,Startup,Quarterly,Assisted,1092.76,12,22,12,2,2,2585.0,0
HealthTech,Growth,Monthly,Self-Serve,1061.92,1,15,4,3,1,11059.0,0
Media,Enterprise,Annual,Self-Serve,4217.19,16,18,12,1,0,11279.0,0
HealthTech,Startup,Annual,Self-Serve,4950.85,29,22,19,1,0,9375.0,0
EdTech,Startup,Monthly,Assisted,340.86,24,20,15,2,1,53742.0,0
HealthTech,Enterprise,Quarterly,Self-Serve,1769.5,4,11,5,2,0,131861.0,0
EdTech,Startup,Multi-Year,Self-Serve,692.06,35,23,22,3,1,71980.0,0
FinTech,Growth,Monthly,Self-Serve,1084.62,7,19,13,2,0,32444.0,0
Media,Startup,Quarterly,Assisted,1742.17,52,25,21,3,1,25880.0,0
E-Commerce,Growth,Monthly,Self-Serve,1117.88,1,21,15,1,0,24425.0,0
FinTech,Startup,Annual,Assisted,1629.28,11,19,18,2,1,45971.0,0
FinTech,Startup,Monthly,Self-Serve,2373.27,16,21,17,2,0,22254.0,0
FinTech,Growth,Multi-Year,Self-Serve,1720.53,5,27,16,5,1,12817.0,0
E-Commerce,Startup,Annual,Assisted,772.93,26,28,13,0,0,46171.0,0
HealthTech,Growth,Annual,Self-Serve,784.6,17,9,6,1,0,24773.0,0
Logistics,Startup,Annual,Self-Serve,393.96,1,18,12,1,1,711.0,0
HealthTech,Startup,Quarterly,Self-Serve,648.18,16,19,13,1,0,1124.0,0
FinTech,Startup,Monthly,Dedicated-CSM,7099.35,12,20,9,2,0,16020.0,1
E-Commerce,Startup,Annual,Assisted,683.21,3,24,13,4,2,35915.0,0
EdTech,Custom,Multi-Year,Self-Serve,485.72,72,16,10,1,1,21866.0,0
FinTech,Startup,Quarterly,Self-Serve,1758.01,40,17,14,0,0,1217.0,0
FinTech,Growth,Multi-Year,Dedicated-CSM,1219.49,6,20,16,2,1,12626.0,0
FinTech,Startup,Quarterly,Assisted,1134.27,14,18,5,1,1,5069.0,0
EdTech,Startup,Quarterly,Assisted,4436.8,6,34,13,2,0,148437.0,0
EdTech,Custom,Quarterly,Assisted,2136.14,26,24,5,3,1,18759.0,0
E-Commerce,Startup,Monthly,Assisted,853.64,47,19,3,2,1,744.0,0
Logistics,Custom,Monthly,Assisted,933.74,8,16,6,2,0,54023.0,0
Logistics,Startup,Monthly,Assisted,873.76,29,15,12,1,0,13227.0,0
E-Commerce,Enterprise,Quarterly,,2817.28,12,23,21,0,0,41820.0,0
Logistics,Growth,Monthly,Self-Serve,1030.78,9,19,9,1,0,8170.0,1
FinTech,Enterprise,Monthly,Dedicated-CSM,291.73,50,13,8,1,1,206800.0,0
FinTech,Growth,Multi-Year,Assisted,1285.53,12,14,10,0,0,175762.0,0
HealthTech,Growth,Monthly,Self-Serve,362.68,11,26,25,6,0,53353.0,0
FinTech,Startup,Quarterly,Dedicated-CSM,8574.91,20,19,17,4,0,61414.0,0
E-Commerce,Startup,Monthly,Dedicated-CSM,589.45,5,13,3,2,2,27746.0,0
Media,Custom,Monthly,Dedicated-CSM,1167.26,7,17,6,1,1,163745.0,0
FinTech,Startup,Annual,Dedicated-CSM,1668.15,48,16,3,4,1,27560.0,0
FinTech,Growth,Quarterly,Dedicated-CSM,1048.0,20,13,9,0,0,13687.0,0
E-Commerce,Enterprise,Annual,Self-Serve,1046.78,31,20,15,3,0,6130.0,0
Media,Startup,Monthly,Dedicated-CSM,1917.07,5,19,8,2,0,11668.0,1
HealthTech,Custom,Quarterly,Dedicated-CSM,4901.44,14,19,16,3,1,42457.0,0
E-Commerce,Enterprise,Monthly,Self-Serve,2571.86,63,26,14,1,0,14058.0,0
FinTech,Growth,Monthly,Self-Serve,4706.67,6,12,11,4,2,53102.0,1
FinTech,Enterprise,Monthly,Dedicated-CSM,550.25,3,22,4,1,1,24078.0,0
Media,Startup,Monthly,Self-Serve,1754.18,12,24,6,2,0,108962.0,1
Media,Startup,Monthly,Dedicated-CSM,1528.37,8,22,9,1,1,40876.0,0
FinTech,Growth,Monthly,Self-Serve,1805.2,3,32,7,5,2,48723.0,0
Media,Startup,Multi-Year,Self-Serve,4314.76,39,21,17,3,0,40660.0,0
E-Commerce,Enterprise,Monthly,Assisted,1110.24,72,23,5,5,2,108389.0,0
Logistics,Custom,Monthly,Self-Serve,948.92,15,19,15,4,0,3276.0,0
E-Commerce,Growth,Monthly,Assisted,2108.82,26,21,5,0,0,3486.0,0
E-Commerce,Startup,Quarterly,Assisted,295.46,35,16,6,4,0,60490.0,0
E-Commerce,Custom,Monthly,Self-Serve,1095.18,21,31,27,4,3,73043.0,0
EdTech,Growth,Annual,Self-Serve,1195.04,1,18,17,2,1,28422.0,0
FinTech,Growth,Multi-Year,Self-Serve,612.59,3,20,10,5,1,21717.0,0
FinTech,Growth,Monthly,Self-Serve,3289.53,1,16,15,1,1,16283.0,0
HealthTech,Custom,Quarterly,Assisted,542.99,1,26,18,0,0,13354.0,1
EdTech,Growth,Monthly,Assisted,1193.34,6,16,8,3,2,121497.0,0
FinTech,Enterprise,Annual,Self-Serve,1718.46,8,14,11,2,1,17488.0,0
EdTech,Enterprise,Monthly,Assisted,4232.02,4,16,6,2,1,52217.0,1
Media,Startup,Monthly,Self-Serve,1327.47,1,18,7,3,2,77345.0,1
FinTech,Growth,Monthly,Self-Serve,2968.26,13,21,15,2,1,1111.0,0
EdTech,Enterprise,Annual,Self-Serve,2429.66,5,22,11,4,3,1723.0,0
HealthTech,Growth,Monthly,Dedicated-CSM,1487.63,28,20,6,1,1,20259.0,0
Logistics,Enterprise,Monthly,Dedicated-CSM,530.55,1,22,5,2,0,59539.0,0
FinTech,Custom,Annual,Dedicated-CSM,395.68,33,22,18,3,0,15109.0,0
EdTech,Growth,Quarterly,Self-Serve,1466.35,55,15,11,4,0,100.0,0
Logistics,Enterprise,Annual,Self-Serve,844.47,22,17,9,3,0,16994.0,0
Media,Enterprise,Monthly,Assisted,2925.94,23,24,22,0,0,4723.0,0
EdTech,Enterprise,Annual,Assisted,2524.95,48,16,8,2,0,12385.0,0
E-Commerce,Growth,Annual,Dedicated-CSM,1144.91,4,19,14,5,1,20263.0,0
E-Commerce,Startup,Monthly,Self-Serve,500.67,72,23,21,2,1,6852.0,0
Logistics,Growth,Annual,Self-Serve,2067.56,26,24,20,2,1,61271.0,0
E-Commerce,Growth,Monthly,Assisted,563.82,23,17,10,2,0,14780.0,0
FinTech,Growth,Multi-Year,Dedicated-CSM,702.96,8,18,13,4,0,54102.0,0
Media,Enterprise,Monthly,Dedicated-CSM,582.6,14,17,9,3,0,45694.0,0
EdTech,Growth,Annual,Assisted,1190.67,19,18,12,4,2,114161.0,0
EdTech,Growth,Monthly,Dedicated-CSM,3621.57,17,21,8,1,0,4602.0,0
FinTech,Startup,Multi-Year,Assisted,1333.7,21,16,8,1,1,12079.0,0
EdTech,Enterprise,Monthly,Dedicated-CSM,918.98,1,17,6,6,4,100190.0,1
HealthTech,Growth,Multi-Year,Dedicated-CSM,366.22,7,14,3,2,2,86336.0,0
EdTech,Startup,Multi-Year,Dedicated-CSM,2141.59,10,14,9,2,0,10666.0,0
FinTech,Startup,Monthly,Self-Serve,689.98,5,13,11,2,1,5700.0,1
EdTech,Enterprise,Annual,Self-Serve,1480.14,3,27,5,2,2,96981.0,1
Media,Growth,Multi-Year,Assisted,991.2,2,23,8,1,0,9809.0,0
FinTech,Startup,Monthly,Assisted,2731.08,8,26,14,4,2,102440.0,0
Media,Custom,Monthly,Dedicated-CSM,1171.86,12,17,12,1,0,162357.0,1
HealthTech,Enterprise,Quarterly,Self-Serve,1273.99,1,14,4,4,1,12475.0,0
Logistics,Custom,Monthly,Self-Serve,2024.11,52,21,5,7,4,91750.0,1
EdTech,Growth,Monthly,Assisted,8029.67,26,23,14,3,1,27568.0,0
E-Commerce,Growth,Monthly,Self-Serve,2850.3,23,28,23,3,2,77742.0,0
EdTech,Enterprise,Monthly,Self-Serve,1242.26,3,24,5,3,1,26161.0,0
Logistics,Growth,Monthly,Self-Serve,1343.08,16,17,8,3,1,3650.0,0
HealthTech,Enterprise,Monthly,Assisted,857.37,13,20,14,2,1,62361.0,0
HealthTech,Startup,Annual,Self-Serve,597.35,72,17,5,4,3,8166.0,0
EdTech,Growth,Annual,Dedicated-CSM,837.28,24,13,5,2,2,130882.0,0
Logistics,Startup,Monthly,Assisted,694.83,15,19,11,2,1,27042.0,0
EdTech,Startup,Annual,Dedicated-CSM,2334.06,34,25,24,3,1,4278.0,0
EdTech,Startup,Annual,Assisted,538.88,3,20,8,2,0,12970.0,0
HealthTech,Startup,Multi-Year,Self-Serve,4159.83,1,15,8,2,0,99213.0,0
Logistics,Custom,Monthly,Self-Serve,2538.27,21,24,12,1,0,19363.0,0
FinTech,Startup,Monthly,Self-Serve,1362.98,1,24,22,0,0,97011.0,0
E-Commerce,Growth,Multi-Year,Assisted,1339.79,2,15,3,1,0,9454.0,0
FinTech,Enterprise,Multi-Year,Self-Serve,834.06,24,19,12,1,0,31576.0,0
HealthTech,Growth,Annual,,1685.09,5,12,10,5,0,105293.0,0
HealthTech,Startup,Annual,Assisted,3377.46,17,19,18,1,0,2481.0,0
HealthTech,Enterprise,Monthly,Self-Serve,736.8,44,20,15,0,0,18140.0,0
EdTech,Growth,Quarterly,Self-Serve,363.8,6,29,14,2,1,120315.0,0
HealthTech,Enterprise,Monthly,Assisted,2435.08,4,25,13,3,1,45382.0,0
HealthTech,Enterprise,Monthly,Dedicated-CSM,1764.66,2,19,9,5,2,62980.0,1
FinTech,Custom,Annual,Self-Serve,516.89,2,22,15,0,0,92299.0,0
HealthTech,Growth,Monthly,Self-Serve,718.11,1,13,10,1,0,37074.0,0
FinTech,Startup,Quarterly,Dedicated-CSM,645.33,1,18,15,0,0,93335.0,0
FinTech,Growth,Multi-Year,Self-Serve,723.53,10,25,13,0,0,50911.0,0
E-Commerce,Startup,Monthly,Dedicated-CSM,1017.26,6,15,11,1,0,57862.0,0
EdTech,Enterprise,Multi-Year,Self-Serve,1067.88,22,19,17,2,0,8294.0,0
E-Commerce,Startup,Multi-Year,Dedicated-CSM,770.33,36,20,18,0,0,139860.0,0
E-Commerce,Startup,Quarterly,Self-Serve,703.14,27,23,17,4,2,79502.0,0
HealthTech,Enterprise,Monthly,Dedicated-CSM,1102.72,13,16,11,2,0,14665.0,0
Logistics,Growth,Monthly,Self-Serve,1544.63,1,19,11,1,1,43374.0,1
E-Commerce,Growth,Monthly,Assisted,1023.67,22,15,5,1,1,23618.0,0
E-Commerce,Growth,Monthly,Self-Serve,3586.27,8,18,5,4,2,54000.0,1
FinTech,Enterprise,Monthly,Self-Serve,2062.91,1,22,12,5,3,253733.0,1
HealthTech,Startup,Multi-Year,Assisted,346.46,33,10,3,1,1,2341.0,0
HealthTech,Enterprise,Monthly,Assisted,2090.52,7,25,16,3,1,152376.0,0
HealthTech,Startup,Annual,Dedicated-CSM,2241.08,4,32,22,0,0,3757.0,0
E-Commerce,Enterprise,Monthly,Assisted,925.63,36,17,10,3,2,30880.0,0
E-Commerce,Enterprise,Quarterly,Dedicated-CSM,375.81,41,23,5,1,0,32900.0,0
E-Commerce,Startup,Multi-Year,Assisted,1348.65,7,21,5,3,0,15648.0,0
EdTech,Growth,Monthly,Dedicated-CSM,1330.68,7,23,6,2,0,41816.0,0
Logistics,Startup,Monthly,Dedicated-CSM,516.25,15,24,7,1,0,89778.0,0
EdTech,Enterprise,Annual,Self-Serve,390.12,23,18,17,2,0,17404.0,0
Media,Growth,Annual,Dedicated-CSM,1243.37,1,21,9,4,2,3650.0,0
FinTech,Growth,Annual,Dedicated-CSM,1098.7,16,19,8,3,2,50022.0,0
FinTech,Startup,Monthly,Self-Serve,939.48,54,18,4,2,0,69665.0,0
FinTech,Startup,Monthly,Assisted,1247.75,5,15,10,1,1,154527.0,0
E-Commerce,Startup,Multi-Year,Self-Serve,524.6,43,18,12,2,1,8689.0,0
Logistics,Startup,Multi-Year,Dedicated-CSM,925.56,53,16,5,0,0,115814.0,0
FinTech,Growth,Quarterly,Self-Serve,2107.64,5,17,15,2,0,32901.0,0
Media,Enterprise,Annual,Self-Serve,994.78,25,10,8,4,1,13444.0,0
FinTech,Growth,Quarterly,Assisted,323.38,4,21,8,3,2,164503.0,1
Media,Growth,Monthly,Assisted,896.24,24,17,10,4,1,13619.0,0
HealthTech,Custom,Monthly,Dedicated-CSM,539.35,28,14,7,0,0,66109.0,0
FinTech,Enterprise,Monthly,Dedicated-CSM,1680.87,5,20,9,2,0,76830.0,0
E-Commerce,Custom,Quarterly,,1756.38,22,18,15,3,2,28151.0,0
HealthTech,Growth,Monthly,Self-Serve,327.03,30,17,4,6,3,58557.0,1
HealthTech,Startup,Monthly,Assisted,2553.35,7,22,11,1,0,42487.0,0
HealthTech,Startup,Annual,Assisted,520.42,3,22,11,1,1,10662.0,0
Logistics,Enterprise,Annual,Assisted,5040.72,1,14,8,2,0,71332.0,0
E-Commerce,Startup,Annual,Self-Serve,1285.03,15,12,10,3,1,131566.0,0
HealthTech,Startup,Multi-Year,Assisted,464.32,68,21,7,4,1,33534.0,0
E-Commerce,Growth,Monthly,Self-Serve,507.41,31,13,3,1,0,258454.0,0
EdTech,Growth,Quarterly,Assisted,1800.61,10,34,23,2,1,27928.0,0
HealthTech,Growth,Annual,Assisted,960.44,13,27,9,0,0,32671.0,0
HealthTech,Startup,Quarterly,Dedicated-CSM,1233.79,5,29,7,1,0,56027.0,0
FinTech,Growth,Monthly,Assisted,5275.68,3,24,12,4,0,10276.0,1
FinTech,Growth,Monthly,Self-Serve,739.25,11,26,9,1,0,116112.0,0
EdTech,Custom,Annual,Dedicated-CSM,1409.47,11,18,8,0,0,80791.0,0
FinTech,Enterprise,Quarterly,Assisted,4477.71,13,25,10,5,0,102950.0,0
E-Commerce,Custom,Annual,Self-Serve,1685.7,54,18,4,3,1,47024.0,0
EdTech,Enterprise,Quarterly,Assisted,341.86,16,25,16,4,3,107600.0,1
FinTech,Growth,Annual,Self-Serve,2058.19,16,13,2,1,0,56967.0,0
E-Commerce,Startup,Annual,Dedicated-CSM,498.42,2,18,17,3,2,35827.0,0
HealthTech,Growth,Annual,Assisted,4428.37,72,16,7,1,0,134259.0,0
Media,Growth,Monthly,Assisted,665.52,26,16,12,5,2,28966.0,0
E-Commerce,Growth,Quarterly,Self-Serve,16715.36,37,26,22,3,2,34714.0,0
Logistics,Growth,Annual,Self-Serve,4662.33,9,25,10,4,1,9289.0,0
E-Commerce,Growth,Monthly,Dedicated-CSM,680.54,12,22,17,1,0,147499.0,0
FinTech,Startup,Monthly,Dedicated-CSM,1362.41,13,23,19,3,2,12491.0,0
E-Commerce,Growth,Monthly,Self-Serve,2541.72,3,15,5,1,0,11246.0,1
Media,Startup,Multi-Year,Self-Serve,2607.41,21,25,24,1,0,5334.0,0
E-Commerce,Enterprise,Monthly,Self-Serve,1950.78,41,26,5,5,1,30198.0,0
Logistics,Startup,Annual,Assisted,3882.89,3,18,6,0,0,15984.0,0
Logistics,Startup,Monthly,Assisted,1206.5,1,18,14,1,0,67504.0,0
FinTech,Growth,Monthly,Assisted,980.72,24,23,8,1,0,18374.0,0
FinTech,Growth,Annual,Assisted,997.41,5,16,12,1,0,,0
E-Commerce,Growth,Monthly,Dedicated-CSM,2778.36,17,24,21,2,1,10905.0,0
HealthTech,Startup,Quarterly,Assisted,1826.95,21,20,19,2,0,13066.0,0
Logistics,Growth,Annual,Self-Serve,1715.73,6,20,11,1,0,82040.0,0
Media,Startup,Annual,Assisted,2633.18,30,21,20,3,1,23189.0,0
HealthTech,Custom,Monthly,Dedicated-CSM,234.3,14,18,9,3,1,5926.0,0
FinTech,Custom,Annual,Assisted,1743.34,36,25,9,3,1,162730.0,0
EdTech,Growth,Annual,Assisted,1612.89,25,23,14,1,0,9764.0,0
HealthTech,Startup,Annual,Assisted,5533.01,36,24,17,2,1,8138.0,0
Logistics,Enterprise,Quarterly,Dedicated-CSM,365.29,1,17,9,2,0,22188.0,0
HealthTech,Startup,Quarterly,Assisted,5032.18,5,23,15,3,1,5026.0,0
EdTech,Growth,Multi-Year,Self-Serve,1428.1,1,22,11,5,4,8457.0,1
FinTech,Startup,Annual,Dedicated-CSM,2029.7,10,16,9,2,1,93685.0,0
E-Commerce,Custom,Monthly,Dedicated-CSM,5566.55,39,17,16,2,1,9407.0,0
E-Commerce,Startup,Monthly,Self-Serve,2157.37,11,20,11,1,0,,0
E-Commerce,Growth,Monthly,Assisted,1882.42,34,28,11,0,0,105995.0,0
FinTech,Enterprise,Monthly,Assisted,1645.74,7,19,15,2,1,29331.0,0
EdTech,Growth,Monthly,Self-Serve,888.06,7,24,11,1,0,8549.0,0
Logistics,Startup,Monthly,Dedicated-CSM,1307.39,40,23,19,2,2,43556.0,0
FinTech,Custom,Annual,Assisted,729.1,9,25,6,3,0,2120.0,0
FinTech,Growth,Monthly,Dedicated-CSM,1289.64,28,29,13,2,0,27877.0,0
FinTech,Growth,Annual,Self-Serve,183.91,4,20,5,0,0,44618.0,0
E-Commerce,Startup,Monthly,Assisted,1928.86,53,21,5,4,2,157468.0,0
E-Commerce,Growth,Monthly,Self-Serve,1207.76,15,34,24,4,2,19761.0,1
E-Commerce,Growth,Monthly,Assisted,1006.49,25,16,8,1,0,72419.0,0
FinTech,Startup,Monthly,Assisted,1614.52,1,20,17,3,1,7119.0,1
HealthTech,Startup,Annual,Assisted,396.02,12,18,11,1,1,28421.0,0
E-Commerce,Enterprise,Annual,Self-Serve,6904.16,41,20,8,2,0,12624.0,0
E-Commerce,Startup,Monthly,Self-Serve,1227.39,37,27,20,0,0,33910.0,0
Media,Startup,Quarterly,Self-Serve,1183.26,1,19,13,2,0,26998.0,0
FinTech,Growth,Quarterly,Self-Serve,589.58,6,27,22,0,0,195067.0,0
EdTech,Enterprise,Annual,Assisted,1366.97,10,16,11,2,1,124747.0,0
HealthTech,Startup,Annual,Assisted,4354.29,3,15,5,3,0,43638.0,0
HealthTech,Growth,Quarterly,Assisted,3230.94,23,16,11,5,2,,0
EdTech,Startup,Annual,Assisted,2769.08,3,23,11,2,2,40704.0,0
EdTech,Startup,Annual,Self-Serve,2131.2,7,24,13,0,0,78531.0,0
Media,Startup,Monthly,Self-Serve,987.56,19,20,18,2,1,1938.0,0
FinTech,Enterprise,Monthly,Self-Serve,390.47,11,21,10,0,0,28461.0,0
FinTech,Startup,Multi-Year,Dedicated-CSM,1129.03,24,22,15,3,2,,0
EdTech,Startup,Annual,Assisted,1096.1,58,19,9,3,1,13983.0,0
E-Commerce,Growth,Quarterly,Self-Serve,3266.5,2,17,4,2,1,4832.0,1
HealthTech,Enterprise,Quarterly,Self-Serve,1742.34,22,14,7,1,1,161672.0,0
FinTech,Startup,Monthly,Dedicated-CSM,5273.58,4,20,13,4,1,9246.0,1
FinTech,Growth,Quarterly,Assisted,3706.58,9,18,9,2,1,8132.0,0
Logistics,Startup,Annual,Assisted,908.67,1,8,4,1,0,178876.0,0
FinTech,Growth,Monthly,Assisted,291.24,2,17,14,4,1,36280.0,0
HealthTech,Growth,Annual,Self-Serve,4349.16,6,25,5,1,0,70938.0,0
FinTech,Growth,Annual,Dedicated-CSM,4253.41,7,22,9,2,0,19824.0,0
HealthTech,Startup,Monthly,Assisted,419.36,41,20,16,1,0,38056.0,0
FinTech,Startup,Quarterly,Self-Serve,4831.22,24,22,20,2,1,344.0,0
E-Commerce,Startup,Monthly,Dedicated-CSM,1853.44,64,15,7,2,2,26282.0,0
FinTech,Growth,Annual,Assisted,1535.46,16,21,19,1,0,40494.0,0
Logistics,Startup,Monthly,Self-Serve,5284.67,4,19,6,1,0,36120.0,0
FinTech,Enterprise,Annual,Assisted,4200.6,7,16,6,2,2,26029.0,0
E-Commerce,Custom,Annual,Self-Serve,2330.02,6,22,19,3,1,77537.0,0
Logistics,Custom,Monthly,Self-Serve,2002.67,7,18,16,2,2,34822.0,0
EdTech,Enterprise,Multi-Year,Assisted,2261.84,20,16,6,3,0,50547.0,0
E-Commerce,Growth,Multi-Year,Self-Serve,953.32,13,14,3,2,1,10205.0,0
HealthTech,Enterprise,Monthly,Dedicated-CSM,1278.14,8,23,6,4,2,98844.0,0
HealthTech,Startup,Monthly,Dedicated-CSM,622.06,2,16,6,2,0,22536.0,0
EdTech,Growth,Multi-Year,Self-Serve,1009.2,1,20,16,1,0,32899.0,0
Media,Growth,Multi-Year,Assisted,980.79,4,19,11,4,1,21708.0,0
EdTech,Growth,Monthly,Dedicated-CSM,780.54,2,23,12,2,0,111238.0,0
E-Commerce,Enterprise,Monthly,Assisted,1504.53,27,15,10,2,2,115501.0,0
EdTech,Startup,Monthly,Assisted,1017.0,2,17,15,0,0,12698.0,0
E-Commerce,Startup,Multi-Year,Self-Serve,2052.68,23,18,4,1,1,69861.0,0
FinTech,Custom,Monthly,Assisted,337.32,8,25,18,2,1,5428.0,0
E-Commerce,Startup,Quarterly,Assisted,1216.4,1,19,17,2,0,1515.0,0
Media,Growth,Annual,Dedicated-CSM,1497.9,30,19,7,2,1,90573.0,0
FinTech,Custom,Monthly,Self-Serve,1028.61,15,17,14,0,0,7031.0,0
EdTech,Growth,Annual,Dedicated-CSM,1156.86,4,20,15,3,1,8408.0,0
FinTech,Growth,Monthly,Self-Serve,348.12,40,19,4,4,3,46645.0,1
E-Commerce,Startup,Annual,Dedicated-CSM,1813.48,1,17,6,2,0,84850.0,0
FinTech,Startup,Monthly,Assisted,2322.65,4,25,17,0,0,10511.0,0
E-Commerce,Enterprise,Annual,Assisted,2037.56,25,19,11,4,2,6063.0,0
EdTech,Growth,Annual,Assisted,3238.67,22,13,8,2,1,4024.0,0
HealthTech,Growth,Monthly,,1589.7,6,30,11,4,2,1258.0,0
EdTech,Startup,Monthly,Self-Serve,2011.99,1,11,8,1,1,6192.0,0
EdTech,Startup,Monthly,Self-Serve,1529.47,35,20,8,2,0,142966.0,0
Media,Custom,Monthly,Self-Serve,2402.87,6,19,9,2,1,5007.0,0
FinTech,Growth,Annual,Self-Serve,350.5,3,19,9,0,0,45510.0,0
HealthTech,Growth,Annual,Assisted,626.69,13,14,10,2,0,126894.0,0
FinTech,Startup,Quarterly,Assisted,5160.89,43,22,5,3,1,49419.0,0
Media,Growth,Annual,Self-Serve,165.44,1,20,7,3,1,1665.0,0
Media,Custom,Annual,Dedicated-CSM,1188.98,26,20,7,4,0,45368.0,0
E-Commerce,Growth,Annual,Assisted,3627.99,15,22,6,4,1,116686.0,0
Logistics,Startup,Monthly,Dedicated-CSM,1237.35,9,15,5,2,1,19472.0,0
E-Commerce,Growth,Monthly,Assisted,949.31,24,17,11,3,2,18817.0,1
E-Commerce,Enterprise,Monthly,Self-Serve,1495.19,60,18,14,2,1,14308.0,0
FinTech,Growth,Quarterly,Assisted,992.12,4,21,15,5,3,35215.0,1
EdTech,Enterprise,Monthly,Assisted,1375.02,2,20,11,3,0,13587.0,0
FinTech,Growth,Monthly,Self-Serve,749.29,43,19,4,2,0,64329.0,0
Logistics,Enterprise,Monthly,Self-Serve,3437.07,19,15,14,2,2,51762.0,0
EdTech,Growth,Annual,Self-Serve,4490.75,10,18,6,5,3,25606.0,0
EdTech,Startup,Monthly,Self-Serve,1195.86,15,17,12,2,0,64107.0,0
FinTech,Startup,Monthly,Assisted,412.19,24,16,14,2,1,5185.0,0
HealthTech,Startup,Monthly,Assisted,858.11,26,18,13,2,0,69220.0,0
HealthTech,Custom,Monthly,,1145.52,45,20,7,1,0,46179.0,0
HealthTech,Enterprise,Quarterly,Assisted,2058.45,10,16,7,5,3,49724.0,0
FinTech,Growth,Monthly,Assisted,568.61,6,21,4,3,2,3342.0,1
Media,Startup,Monthly,Self-Serve,696.6,18,16,11,3,0,48134.0,0
E-Commerce,Startup,Quarterly,Self-Serve,2067.46,9,12,8,1,0,34073.0,0
HealthTech,Enterprise,Monthly,Self-Serve,2975.22,16,19,14,5,1,33263.0,0
HealthTech,Growth,Monthly,Self-Serve,789.69,9,30,6,2,1,19420.0,0
HealthTech,Startup,Annual,Self-Serve,431.28,2,13,11,1,0,382.0,0
E-Commerce,Growth,Monthly,Self-Serve,20000.0,11,23,18,2,2,27464.0,1
E-Commerce,Startup,Monthly,Assisted,2606.62,21,18,5,3,2,25618.0,1
Media,Startup,Monthly,Assisted,1067.47,28,23,10,2,0,27479.0,0
E-Commerce,Growth,Quarterly,,2803.65,12,25,17,0,0,47337.0,0
Media,Startup,Quarterly,Self-Serve,1204.97,3,17,10,1,0,17827.0,0
Logistics,Custom,Quarterly,Assisted,2799.18,9,20,5,0,0,15693.0,0
FinTech,Startup,Annual,Dedicated-CSM,1533.77,27,19,5,3,1,34436.0,0
Media,Startup,Monthly,Assisted,1447.48,9,18,14,0,0,44863.0,0
FinTech,Startup,Monthly,Assisted,1216.16,21,20,6,1,0,41889.0,0
Logistics,Enterprise,Annual,Self-Serve,391.4,12,21,7,0,0,106702.0,0
HealthTech,Growth,Multi-Year,Self-Serve,6956.14,4,21,18,1,0,73298.0,0
Logistics,Growth,Monthly,Dedicated-CSM,601.66,28,19,13,2,0,2680.0,0
Logistics,Startup,Quarterly,Self-Serve,421.57,1,12,8,0,0,41446.0,0
Logistics,Startup,Monthly,Dedicated-CSM,1117.75,13,14,8,5,3,27048.0,1
EdTech,Growth,Monthly,Assisted,591.55,4,16,10,3,0,22397.0,0
HealthTech,Enterprise,Monthly,Assisted,1281.83,1,22,14,2,0,158381.0,0
FinTech,Enterprise,Monthly,Self-Serve,2403.3,12,21,20,1,0,30513.0,0
HealthTech,Startup,Annual,Assisted,3121.31,12,15,5,3,1,63547.0,0
FinTech,Growth,Quarterly,Assisted,2677.18,22,16,5,1,1,170694.0,0
EdTech,Custom,Monthly,Self-Serve,1032.99,24,22,5,2,0,8185.0,0
HealthTech,Growth,Monthly,Self-Serve,1397.1,23,18,13,2,1,2808.0,0
Media,Enterprise,Annual,Dedicated-CSM,1894.48,9,25,15,5,2,18816.0,1
E-Commerce,Startup,Monthly,Assisted,300.63,17,14,4,2,0,2273.0,0
Logistics,Custom,Annual,Assisted,2175.46,15,22,10,2,0,6208.0,0
FinTech,Enterprise,Monthly,Self-Serve,388.11,9,23,7,1,0,239634.0,0
Logistics,Custom,Quarterly,Assisted,7587.78,16,19,8,0,0,161168.0,1
Media,Growth,Monthly,Assisted,949.72,52,17,16,4,2,58768.0,0
E-Commerce,Growth,Monthly,Assisted,1144.65,3,16,11,0,0,69916.0,0
E-Commerce,Custom,Monthly,Assisted,696.28,42,17,3,2,1,7570.0,0
EdTech,Startup,Monthly,,784.09,1,16,6,4,1,45223.0,0
FinTech,Startup,Monthly,Assisted,9255.56,6,15,3,3,0,8386.0,0
E-Commerce,Enterprise,Annual,Self-Serve,2978.91,6,24,18,2,1,23772.0,0
HealthTech,Enterprise,Monthly,Dedicated-CSM,358.95,17,21,12,1,1,21182.0,0
FinTech,Custom,Monthly,Assisted,4810.62,2,23,22,3,1,47591.0,1
HealthTech,Startup,Quarterly,,3693.23,38,18,14,3,1,4152.0,0
FinTech,Enterprise,Annual,Assisted,1054.66,31,28,17,0,0,5461.0,0
FinTech,Enterprise,Multi-Year,Dedicated-CSM,1738.35,19,19,16,0,0,47072.0,0
FinTech,Startup,Quarterly,Self-Serve,1322.52,11,13,9,1,0,50546.0,0
Media,Growth,Quarterly,Self-Serve,7163.06,48,15,5,2,0,20767.0,0
E-Commerce,Startup,Quarterly,Assisted,680.72,31,19,11,7,3,7942.0,0
Media,Startup,Multi-Year,Self-Serve,1516.42,12,23,14,1,0,108613.0,0
HealthTech,Custom,Annual,Assisted,930.83,21,21,11,2,0,2720.0,0
HealthTech,Growth,Monthly,Self-Serve,396.2,15,22,7,2,1,63182.0,1
E-Commerce,Enterprise,Monthly,Assisted,8629.07,15,23,8,2,1,7544.0,1
HealthTech,Custom,Monthly,Self-Serve,490.62,7,23,9,2,0,50719.0,1
FinTech,Growth,Quarterly,Self-Serve,1615.03,11,21,4,1,1,54481.0,0
E-Commerce,Enterprise,Annual,Dedicated-CSM,305.03,1,25,23,0,0,81548.0,0
FinTech,Growth,Quarterly,Assisted,954.12,7,22,16,0,0,25128.0,0
E-Commerce,Enterprise,Monthly,Self-Serve,1917.3,21,22,16,2,0,1102.0,0
EdTech,Startup,Annual,Self-Serve,664.46,55,28,18,2,1,83313.0,0
FinTech,Custom,Annual,Assisted,2205.66,59,16,12,1,1,29355.0,0
FinTech,Startup,Monthly,Assisted,1065.62,14,23,22,3,2,93895.0,0
EdTech,Startup,Annual,Dedicated-CSM,3590.58,16,22,11,3,0,74802.0,0
E-Commerce,Enterprise,Monthly,Dedicated-CSM,4262.01,3,21,16,4,2,34488.0,1
FinTech,Growth,Annual,Assisted,813.44,21,15,7,1,0,370880.0,0
Media,Growth,Annual,Assisted,1429.7,1,24,21,2,1,31002.0,0
FinTech,Growth,Quarterly,Assisted,1565.46,6,17,15,3,2,59619.0,0
EdTech,Enterprise,Annual,Assisted,2267.53,19,24,22,4,1,55403.0,0
Media,Startup,Annual,Self-Serve,1355.91,6,18,3,1,0,36497.0,0
FinTech,Startup,Quarterly,Self-Serve,1574.48,1,20,8,2,1,44016.0,0
FinTech,Startup,Monthly,Self-Serve,1089.1,32,24,7,1,0,80125.0,0
FinTech,Growth,Annual,Self-Serve,1477.27,6,22,12,7,2,42386.0,0
HealthTech,Startup,Monthly,Self-Serve,4036.97,1,17,10,6,2,29905.0,1
FinTech,Growth,Monthly,Assisted,2319.65,1,27,10,3,1,54248.0,1
EdTech,Growth,Annual,Assisted,2431.02,5,22,17,1,0,1808.0,0
FinTech,Startup,Annual,Assisted,2476.52,3,25,10,5,1,5781.0,0
E-Commerce,Growth,Monthly,Self-Serve,1175.28,26,17,15,2,2,6701.0,0
Media,Enterprise,Monthly,Self-Serve,1756.37,6,13,4,4,2,27736.0,1
Logistics,Startup,Monthly,Assisted,532.51,29,25,12,2,0,102699.0,0
E-Commerce,Growth,Monthly,Self-Serve,3938.23,3,16,11,3,3,51542.0,1
HealthTech,Growth,Monthly,Assisted,150.0,12,21,14,2,2,179894.0,0
E-Commerce,Growth,Annual,Dedicated-CSM,1243.8,20,18,4,0,0,2038.0,0
E-Commerce,Enterprise,Monthly,Self-Serve,3532.5,18,21,18,1,1,64008.0,0
HealthTech,Growth,Quarterly,Self-Serve,420.19,16,17,11,2,1,,0
FinTech,Growth,Monthly,Assisted,1881.48,46,15,13,3,0,1178.0,0
Logistics,Startup,Multi-Year,Dedicated-CSM,750.96,4,12,10,2,0,87414.0,0
HealthTech,Growth,Monthly,Assisted,978.99,12,18,11,1,0,8878.0,0
FinTech,Growth,Monthly,Dedicated-CSM,2993.05,38,20,18,3,1,12045.0,0
HealthTech,Startup,Monthly,Self-Serve,1585.01,1,24,21,5,3,20811.0,1
HealthTech,Growth,Quarterly,Dedicated-CSM,237.65,1,29,28,1,0,77643.0,0
Logistics,Custom,Quarterly,Self-Serve,584.08,4,20,17,1,1,48987.0,1
EdTech,Growth,Monthly,Self-Serve,3068.78,18,17,14,1,1,15385.0,0
EdTech,Growth,Monthly,Dedicated-CSM,1961.77,5,18,10,4,2,9226.0,1
FinTech,Custom,Monthly,Dedicated-CSM,5918.96,3,16,5,4,1,5801.0,0
HealthTech,Enterprise,Quarterly,Self-Serve,5598.48,11,24,22,2,1,8115.0,0
E-Commerce,Growth,Quarterly,Self-Serve,1001.34,17,22,17,0,0,101303.0,0
FinTech,Enterprise,Monthly,Self-Serve,11245.82,5,21,8,1,0,127992.0,1
HealthTech,Enterprise,Monthly,Self-Serve,1367.59,6,21,9,4,1,172035.0,0
EdTech,Growth,Monthly,Self-Serve,590.95,17,22,16,0,0,90009.0,0
FinTech,Growth,Monthly,Dedicated-CSM,781.65,52,19,11,4,0,109191.0,0
E-Commerce,Growth,Annual,Assisted,196.72,20,14,3,0,0,84669.0,0
FinTech,Custom,Monthly,Assisted,5249.91,27,17,5,2,1,158571.0,0
FinTech,Growth,Monthly,Assisted,5195.5,8,14,11,3,1,93427.0,1
FinTech,Startup,Monthly,Assisted,565.0,5,21,9,1,0,30995.0,0
Media,Enterprise,Multi-Year,Assisted,1103.56,10,22,13,1,0,19523.0,0
Logistics,Growth,Annual,Assisted,1452.83,29,15,12,2,1,43879.0,0
Media,Startup,Monthly,Self-Serve,592.11,10,17,13,2,0,46848.0,0
E-Commerce,Growth,Monthly,Assisted,301.32,33,26,8,1,0,42773.0,0
FinTech,Growth,Monthly,Assisted,1120.13,72,18,5,1,0,61332.0,0
E-Commerce,Enterprise,Quarterly,Dedicated-CSM,1019.52,1,16,10,3,2,60028.0,1
E-Commerce,Startup,Monthly,Dedicated-CSM,962.8,1,20,15,4,0,4562.0,0
Logistics,Enterprise,Annual,Assisted,1618.59,2,17,5,2,2,16810.0,0
FinTech,Growth,Quarterly,Assisted,4514.69,8,20,9,2,1,110300.0,0
E-Commerce,Startup,Annual,Self-Serve,1035.22,2,25,22,3,2,44584.0,0
FinTech,Custom,Monthly,Assisted,1548.24,36,21,20,1,0,19914.0,0
HealthTech,Growth,Annual,Self-Serve,2484.53,1,19,10,5,3,95009.0,0
EdTech,Startup,Annual,Self-Serve,2145.27,6,27,7,0,0,14320.0,0
E-Commerce,Growth,Monthly,Self-Serve,794.52,3,17,6,3,0,26314.0,0
HealthTech,Enterprise,Monthly,Assisted,1453.78,48,28,10,0,0,16166.0,0
HealthTech,Startup,Monthly,Self-Serve,2133.26,19,21,8,3,0,102533.0,0
E-Commerce,Startup,Monthly,Dedicated-CSM,513.32,43,18,10,3,1,65151.0,0
EdTech,Startup,Monthly,Self-Serve,3920.63,64,30,19,4,2,30830.0,0
Logistics,Startup,Quarterly,Dedicated-CSM,4522.64,12,14,4,3,1,134634.0,0
Media,Enterprise,Monthly,Assisted,724.61,4,18,16,1,1,131170.0,0
EdTech,Growth,Multi-Year,Self-Serve,1579.11,3,19,13,1,1,62157.0,0
HealthTech,Startup,Monthly,Self-Serve,2312.16,4,24,16,3,2,111278.0,1
EdTech,Startup,Multi-Year,Assisted,842.38,22,18,17,1,0,63540.0,0
HealthTech,Startup,Monthly,Assisted,2017.01,1,25,17,1,0,49472.0,0
HealthTech,Custom,Annual,Assisted,1538.81,1,17,16,1,0,27304.0,0
Logistics,Startup,Monthly,Self-Serve,384.63,16,12,5,2,0,15974.0,0
FinTech,Custom,Monthly,Assisted,1978.88,18,19,7,1,0,3107.0,0
Media,Growth,Annual,Dedicated-CSM,525.78,19,15,9,2,1,80690.0,0
E-Commerce,Startup,Monthly,Self-Serve,2975.96,8,37,22,2,0,6515.0,0
E-Commerce,Enterprise,Annual,Assisted,757.08,29,16,6,3,1,26411.0,0
EdTech,Growth,Quarterly,Self-Serve,1167.84,13,20,15,0,0,13370.0,0
Logistics,Enterprise,Quarterly,Assisted,4300.29,2,16,3,3,1,30314.0,1
E-Commerce,Custom,Quarterly,Assisted,2042.49,28,19,14,1,0,18916.0,0
E-Commerce,Startup,Annual,Self-Serve,535.1,55,32,18,2,1,88508.0,0
FinTech,Startup,Monthly,Self-Serve,565.28,1,19,14,5,2,191243.0,0
E-Commerce,Enterprise,Annual,Self-Serve,804.8,8,22,12,1,1,141983.0,0
FinTech,Startup,Annual,Assisted,1873.28,12,18,17,1,1,48692.0,0
EdTech,Startup,Monthly,Assisted,1816.3,2,22,10,4,2,193824.0,1
E-Commerce,Startup,Monthly,Dedicated-CSM,654.17,36,20,19,5,1,25602.0,0
EdTech,Startup,Annual,Assisted,496.64,6,20,5,0,0,36958.0,0
FinTech,Enterprise,Monthly,Self-Serve,1701.64,27,20,14,1,1,14843.0,0
FinTech,Startup,Monthly,Dedicated-CSM,1147.59,20,22,12,2,1,114131.0,0
EdTech,Growth,Monthly,Assisted,8380.25,16,21,18,2,1,9905.0,1
FinTech,Growth,Quarterly,Assisted,1381.76,3,21,17,4,2,47143.0,0
FinTech,Growth,Monthly,Self-Serve,6261.12,4,19,15,2,0,80336.0,0
FinTech,Startup,Quarterly,Self-Serve,495.31,1,13,3,1,1,45243.0,1
Media,Enterprise,Annual,Dedicated-CSM,351.7,4,19,16,3,0,4103.0,0
EdTech,Startup,Monthly,Assisted,516.94,7,17,6,1,0,47266.0,0
HealthTech,Enterprise,Quarterly,Self-Serve,3680.34,32,16,3,0,0,72853.0,0
HealthTech,Enterprise,Multi-Year,Assisted,5959.17,8,25,9,2,1,10402.0,0
HealthTech,Growth,Annual,Dedicated-CSM,688.94,25,14,8,3,1,66771.0,0
EdTech,Growth,Annual,Self-Serve,905.53,10,19,15,2,1,105424.0,0
EdTech,Growth,Monthly,Assisted,495.9,27,17,6,3,1,215100.0,0
FinTech,Growth,Annual,,287.18,67,26,7,2,0,26387.0,0
FinTech,Enterprise,Monthly,Self-Serve,2466.73,4,25,17,3,0,1274.0,0
FinTech,Enterprise,Monthly,Assisted,1619.01,35,21,20,2,1,27157.0,0
EdTech,Startup,Monthly,Assisted,1351.42,17,27,18,1,1,53974.0,0
EdTech,Growth,Monthly,Assisted,407.46,30,18,13,1,0,110988.0,0
HealthTech,Custom,Annual,Self-Serve,5398.97,18,22,14,1,0,139116.0,0
FinTech,Custom,Monthly,Self-Serve,873.18,9,19,15,1,0,120162.0,0
FinTech,Growth,Annual,Assisted,2108.18,4,28,27,3,0,53641.0,0
Media,Growth,Annual,Self-Serve,389.02,1,23,14,1,0,57368.0,0
HealthTech,Startup,Quarterly,Assisted,1139.17,13,13,6,2,0,119.0,0
EdTech,Custom,Monthly,Self-Serve,1715.86,72,14,12,1,1,22607.0,0
E-Commerce,Startup,Quarterly,Self-Serve,1768.72,24,20,19,0,0,118681.0,0
HealthTech,Growth,Monthly,Dedicated-CSM,1527.6,7,17,5,1,0,58498.0,0
FinTech,Startup,Monthly,Assisted,2039.26,31,17,11,0,0,31548.0,0
FinTech,Startup,Multi-Year,Dedicated-CSM,512.38,26,26,21,5,3,5505.0,0
E-Commerce,Growth,Monthly,Self-Serve,1584.09,5,18,11,4,1,14139.0,0
EdTech,Custom,Monthly,Assisted,1475.41,1,23,12,4,3,40475.0,1
E-Commerce,Startup,Annual,Self-Serve,1630.96,2,20,14,1,1,113895.0,0
E-Commerce,Growth,Monthly,Assisted,1424.38,37,13,5,2,1,5036.0,0
FinTech,Startup,Annual,Assisted,453.85,32,21,10,1,1,8347.0,0
Media,Startup,Monthly,Self-Serve,436.97,6,31,30,0,0,53211.0,0
EdTech,Growth,Monthly,Dedicated-CSM,203.95,6,19,13,4,1,17418.0,0
HealthTech,Growth,Monthly,Self-Serve,2683.57,28,20,17,2,2,9299.0,0
Media,Startup,Monthly,Assisted,2706.76,49,12,10,1,0,9827.0,0
E-Commerce,Startup,Monthly,Dedicated-CSM,2743.58,27,26,18,2,0,33924.0,0
E-Commerce,Startup,Annual,Dedicated-CSM,1738.49,16,18,15,1,0,43823.0,0
EdTech,Startup,Quarterly,Dedicated-CSM,218.51,5,18,7,2,1,117353.0,0
Logistics,Custom,Multi-Year,Self-Serve,559.64,13,19,13,3,1,37732.0,0
EdTech,Custom,Monthly,Self-Serve,1548.21,4,25,16,2,0,58765.0,0
FinTech,Startup,Quarterly,Self-Serve,1502.96,29,20,13,3,2,9964.0,0
HealthTech,Growth,Quarterly,Assisted,1108.39,8,18,6,1,0,62494.0,0
Media,Custom,Multi-Year,Assisted,1832.76,32,17,7,5,2,52305.0,0
FinTech,Startup,Monthly,Self-Serve,1352.76,8,14,6,2,0,12179.0,0
HealthTech,Enterprise,Quarterly,Assisted,1484.24,31,27,18,2,0,55339.0,0
HealthTech,Custom,Annual,Self-Serve,778.05,7,21,20,1,0,11881.0,0
HealthTech,Startup,Monthly,Self-Serve,3086.24,10,14,13,1,0,45018.0,0
E-Commerce,Startup,Annual,Assisted,928.75,17,15,5,2,1,55259.0,0
Media,Custom,Monthly,Assisted,432.23,1,20,8,2,1,59103.0,0
FinTech,Growth,Annual,Dedicated-CSM,695.51,53,18,4,2,0,119991.0,0
FinTech,Startup,Multi-Year,Self-Serve,996.06,15,16,8,2,1,147669.0,0
FinTech,Startup,Annual,Assisted,3117.86,12,23,19,0,0,83089.0,0
Logistics,Growth,Monthly,Self-Serve,1292.16,32,27,25,3,0,105494.0,0
E-Commerce,Growth,Monthly,Self-Serve,1143.41,36,20,7,1,1,976.0,0
HealthTech,Enterprise,Multi-Year,Assisted,463.42,13,28,11,1,0,22523.0,0
Logistics,Custom,Quarterly,Dedicated-CSM,2611.45,47,25,9,0,0,2027.0,0
Logistics,Startup,Monthly,Self-Serve,769.58,1,24,11,1,0,12735.0,1
Logistics,Growth,Annual,Self-Serve,1230.25,2,22,18,3,0,24041.0,0
Media,Growth,Quarterly,Assisted,4713.36,16,15,10,4,2,101087.0,1
HealthTech,Growth,Monthly,Self-Serve,2064.1,7,19,15,2,0,35847.0,0
EdTech,Startup,Monthly,Dedicated-CSM,335.62,11,24,15,2,0,52329.0,0
E-Commerce,Custom,Monthly,Assisted,297.65,7,20,8,1,0,22535.0,0
Logistics,Enterprise,Quarterly,Self-Serve,1268.18,9,24,9,1,0,46180.0,0
EdTech,Growth,Annual,Assisted,477.79,31,27,5,2,1,,0
EdTech,Growth,Quarterly,,2324.51,16,24,19,5,3,17922.0,1
EdTech,Startup,Annual,Self-Serve,1388.42,72,23,20,2,1,134601.0,0
FinTech,Growth,Annual,,1541.6,27,17,13,0,0,11996.0,0
E-Commerce,Growth,Annual,Self-Serve,734.56,5,26,6,1,0,125852.0,0
Media,Growth,Monthly,Assisted,5885.08,5,27,21,3,1,1435.0,1
Media,Custom,Annual,Self-Serve,15005.99,7,27,6,2,0,39126.0,1
FinTech,Growth,Monthly,Dedicated-CSM,1057.01,33,23,6,4,1,210565.0,0
FinTech,Growth,Quarterly,Self-Serve,1808.19,1,20,11,5,3,47052.0,1
FinTech,Enterprise,Annual,Self-Serve,1455.06,4,28,16,3,1,40469.0,0
EdTech,Startup,Monthly,Dedicated-CSM,1074.13,42,29,24,1,0,57359.0,0
Logistics,Growth,Multi-Year,Self-Serve,660.33,18,25,18,4,0,17075.0,0
FinTech,Startup,Monthly,Self-Serve,532.6,4,21,6,1,1,2771.0,0
E-Commerce,Growth,Annual,Self-Serve,510.17,4,17,6,1,0,14455.0,0
Logistics,Enterprise,Monthly,Self-Serve,1890.23,35,23,9,3,2,9694.0,0
EdTech,Growth,Multi-Year,Dedicated-CSM,861.16,40,20,5,2,0,128569.0,0
E-Commerce,Enterprise,Monthly,Assisted,150.0,5,12,5,1,1,95616.0,1
E-Commerce,Growth,Monthly,Self-Serve,1954.97,9,23,18,5,1,19115.0,0
E-Commerce,Startup,Monthly,Assisted,1296.57,32,24,9,9,4,90416.0,1
HealthTech,Enterprise,Monthly,Assisted,4207.7,26,25,21,4,2,11897.0,1
E-Commerce,Startup,Monthly,Dedicated-CSM,1839.33,30,25,14,3,0,11131.0,0
EdTech,Startup,Quarterly,Self-Serve,381.13,13,19,8,2,0,72951.0,0
Logistics,Growth,Monthly,Assisted,201.3,43,26,13,1,1,19795.0,0
E-Commerce,Startup,Monthly,Assisted,726.65,7,5,3,1,0,3349.0,0
EdTech,Startup,Monthly,Assisted,787.34,3,17,10,2,1,63646.0,0
FinTech,Growth,Annual,Assisted,2985.99,22,22,4,5,1,228304.0,0
E-Commerce,Growth,Annual,Self-Serve,1329.37,13,22,20,3,1,41733.0,0
FinTech,Growth,Annual,Assisted,3510.93,34,18,4,3,0,15304.0,0
FinTech,Custom,Annual,Assisted,434.37,1,20,19,2,1,23333.0,0
EdTech,Growth,Monthly,Dedicated-CSM,3042.62,33,13,2,3,1,52299.0,0
Media,Enterprise,Monthly,Self-Serve,2472.14,6,17,13,2,1,60429.0,0
FinTech,Startup,Monthly,Assisted,240.93,19,22,13,3,0,108724.0,0
HealthTech,Growth,Annual,Dedicated-CSM,4122.54,1,16,9,1,0,119754.0,0
Logistics,Enterprise,Multi-Year,Assisted,1450.18,16,22,5,3,1,98764.0,0
FinTech,Growth,Quarterly,Dedicated-CSM,1869.15,22,23,8,5,1,52276.0,0
E-Commerce,Enterprise,Monthly,,642.16,8,26,21,0,0,29878.0,0
EdTech,Growth,Monthly,Self-Serve,3959.84,4,21,19,4,1,56863.0,0
E-Commerce,Startup,Monthly,Assisted,488.84,13,19,11,1,1,54915.0,0
FinTech,Growth,Quarterly,Self-Serve,2716.99,32,26,12,4,2,12294.0,1
HealthTech,Growth,Monthly,Assisted,2690.59,7,20,4,0,0,35418.0,0
EdTech,Enterprise,Multi-Year,Self-Serve,585.2,5,33,24,3,0,11673.0,0
E-Commerce,Startup,Monthly,Assisted,7229.08,5,22,9,2,1,114693.0,1
FinTech,Custom,Multi-Year,Assisted,1630.76,53,24,5,3,0,19523.0,0
EdTech,Custom,Annual,Assisted,2335.1,8,13,9,4,2,81847.0,0
FinTech,Startup,Annual,Self-Serve,365.75,1,17,10,1,0,23679.0,0
EdTech,Startup,Annual,Dedicated-CSM,8103.66,27,22,4,0,0,72140.0,0
FinTech,Enterprise,Annual,Self-Serve,473.01,21,19,5,1,0,12482.0,0
Media,Custom,Annual,Self-Serve,3200.79,2,21,15,3,3,72142.0,0
HealthTech,Growth,Annual,Self-Serve,575.04,72,25,6,1,1,9894.0,0
HealthTech,Startup,Quarterly,Dedicated-CSM,791.44,16,15,13,1,0,33747.0,0
FinTech,Growth,Multi-Year,Dedicated-CSM,2618.72,12,12,5,1,1,6031.0,0
HealthTech,Growth,Annual,Assisted,3208.05,8,11,2,1,0,37528.0,0
Logistics,Startup,Annual,Dedicated-CSM,454.6,41,16,12,3,2,85939.0,0
Media,Enterprise,Annual,Self-Serve,3384.3,5,22,13,2,1,70437.0,0
HealthTech,Startup,Monthly,Dedicated-CSM,3255.93,6,17,7,4,2,2602.0,1
HealthTech,Startup,Monthly,Self-Serve,603.5,2,19,9,2,0,33881.0,0
EdTech,Growth,Quarterly,Self-Serve,5212.69,25,20,4,5,1,95603.0,1
Logistics,Growth,Quarterly,Self-Serve,388.26,16,16,11,3,1,52506.0,0
E-Commerce,Startup,Annual,Assisted,787.56,16,14,6,4,1,3051.0,0
HealthTech,Growth,Monthly,Assisted,2012.54,4,19,14,2,0,19699.0,0
HealthTech,Startup,Quarterly,Self-Serve,648.37,18,15,10,2,1,40663.0,0
EdTech,Startup,Quarterly,Dedicated-CSM,1676.14,26,25,18,4,2,9476.0,0
FinTech,Startup,Monthly,Assisted,1644.04,7,19,15,1,0,57272.0,0
E-Commerce,Custom,Annual,Self-Serve,1142.51,29,21,14,1,0,50372.0,0
HealthTech,Growth,Annual,Assisted,2717.7,7,21,11,1,0,11310.0,1
EdTech,Growth,Monthly,Assisted,1103.12,25,21,10,0,0,39970.0,0
FinTech,Growth,Quarterly,Dedicated-CSM,1630.77,1,18,5,5,2,83491.0,1
E-Commerce,Custom,Quarterly,Assisted,3549.28,14,22,18,2,1,23486.0,0
E-Commerce,Startup,Monthly,Assisted,2623.02,62,19,15,0,0,14184.0,0
E-Commerce,Growth,Monthly,Self-Serve,2612.64,71,20,7,4,2,60402.0,0
FinTech,Enterprise,Multi-Year,Assisted,504.31,5,17,15,3,0,3672.0,0
E-Commerce,Growth,Monthly,Dedicated-CSM,2092.41,10,19,12,3,0,89391.0,0
E-Commerce,Startup,Monthly,Self-Serve,634.78,1,18,10,2,1,143639.0,0
E-Commerce,Growth,Monthly,Dedicated-CSM,450.7,37,22,4,4,0,167317.0,0
E-Commerce,Startup,Annual,Assisted,1260.23,15,22,11,1,1,28329.0,0
EdTech,Growth,Annual,Self-Serve,621.01,8,24,17,3,2,48802.0,1
Logistics,Enterprise,Annual,Dedicated-CSM,2622.87,2,21,5,0,0,97373.0,0
HealthTech,Startup,Monthly,Assisted,2676.74,52,18,10,1,0,12643.0,0
Logistics,Enterprise,Annual,Self-Serve,265.81,13,15,14,4,1,1405.0,0
E-Commerce,Startup,Monthly,Self-Serve,662.45,5,21,16,1,1,24271.0,0
FinTech,Enterprise,Monthly,Self-Serve,387.29,7,18,11,1,1,107868.0,1
FinTech,Growth,Quarterly,Dedicated-CSM,903.94,5,29,18,1,0,35167.0,0
HealthTech,Startup,Monthly,Assisted,1972.19,16,15,3,3,2,37774.0,1
EdTech,Startup,Annual,Dedicated-CSM,1090.13,47,20,19,4,2,58797.0,0
EdTech,Custom,Multi-Year,Self-Serve,811.35,34,18,16,2,0,42727.0,0
EdTech,Startup,Monthly,Self-Serve,4044.65,11,21,15,2,0,2801.0,0
E-Commerce,Startup,Annual,Self-Serve,188.83,31,23,6,1,0,41147.0,0
HealthTech,Startup,Annual,Assisted,3832.76,9,21,7,3,0,52200.0,0
FinTech,Growth,Multi-Year,,843.33,5,17,5,7,1,51305.0,0
HealthTech,Growth,Monthly,Assisted,1253.39,72,15,9,1,0,65161.0,0
HealthTech,Startup,Quarterly,Self-Serve,855.55,6,23,8,4,3,36690.0,1
FinTech,Startup,Monthly,Dedicated-CSM,4971.39,7,13,9,1,0,115159.0,0
FinTech,Startup,Annual,Assisted,470.44,72,14,8,7,2,31205.0,0
E-Commerce,Startup,Monthly,Self-Serve,1352.86,2,19,4,0,0,36510.0,0
EdTech,Growth,Quarterly,Dedicated-CSM,2097.13,25,15,11,5,2,75776.0,1
Media,Enterprise,Monthly,Self-Serve,340.58,49,11,3,2,1,89558.0,0
Media,Startup,Monthly,Self-Serve,612.83,12,21,18,4,2,52258.0,1
E-Commerce,Growth,Annual,Self-Serve,1180.92,1,24,11,3,1,6755.0,0
HealthTech,Growth,Annual,Assisted,630.39,8,24,11,0,0,20170.0,0
E-Commerce,Custom,Annual,Assisted,669.64,2,22,4,2,0,1018.0,0
EdTech,Custom,Annual,Self-Serve,994.87,9,16,15,6,2,17510.0,0
FinTech,Enterprise,Monthly,Self-Serve,2326.56,28,17,11,1,0,42227.0,0
HealthTech,Startup,Quarterly,Assisted,1000.94,10,27,14,5,2,81797.0,0
Logistics,Startup,Quarterly,Dedicated-CSM,3349.82,10,25,6,1,0,44052.0,0
HealthTech,Startup,Monthly,Assisted,573.58,14,14,10,2,1,2036.0,0
E-Commerce,Startup,Quarterly,Self-Serve,462.14,15,18,7,1,0,14995.0,0
E-Commerce,Growth,Annual,Self-Serve,6887.02,34,24,23,1,0,43145.0,0
FinTech,Enterprise,Quarterly,Self-Serve,765.66,6,15,14,2,1,61730.0,0
HealthTech,Enterprise,Annual,Self-Serve,439.54,31,16,12,4,2,100665.0,0
HealthTech,Enterprise,Quarterly,Assisted,304.68,15,28,27,2,1,171550.0,0
FinTech,Growth,Monthly,Assisted,3340.37,6,23,6,2,1,111183.0,0
FinTech,Growth,Monthly,Assisted,1002.14,6,17,7,0,0,31492.0,0
Logistics,Startup,Quarterly,Assisted,1079.6,8,20,8,4,0,68704.0,0
HealthTech,Startup,Monthly,Self-Serve,1169.91,17,19,4,2,0,13757.0,0
E-Commerce,Enterprise,Monthly,Self-Serve,3168.46,4,16,15,1,0,3298.0,0
HealthTech,Startup,Monthly,Assisted,1149.86,45,24,5,7,4,2832.0,1
Media,Growth,Quarterly,Self-Serve,9822.64,15,18,15,4,2,13808.0,1
HealthTech,Startup,Monthly,Self-Serve,1500.71,45,24,19,3,0,1913.0,0
HealthTech,Growth,Annual,Self-Serve,3302.77,1,16,8,3,0,94947.0,1
Logistics,Enterprise,Annual,Self-Serve,2655.67,7,24,5,1,0,33659.0,0
Logistics,Startup,Monthly,Self-Serve,1298.57,1,23,4,0,0,83274.0,0
FinTech,Enterprise,Annual,Dedicated-CSM,813.28,5,21,7,1,1,140586.0,0
Logistics,Startup,Annual,Dedicated-CSM,1776.09,35,18,10,2,0,255038.0,0
E-Commerce,Growth,Annual,Self-Serve,2066.44,1,21,11,2,1,138361.0,0
E-Commerce,Enterprise,Quarterly,Self-Serve,823.28,10,22,14,2,0,63037.0,0
FinTech,Growth,Monthly,Assisted,1542.85,2,22,17,2,0,29168.0,0
FinTech,Custom,Annual,Self-Serve,3830.59,9,14,7,4,3,45563.0,0
EdTech,Startup,Monthly,Self-Serve,7781.12,32,22,7,2,0,84776.0,0
E-Commerce,Growth,Multi-Year,Self-Serve,2768.92,17,22,18,4,1,113921.0,0
HealthTech,Growth,Annual,Self-Serve,6524.67,24,16,7,0,0,156713.0,0
EdTech,Custom,Quarterly,Assisted,784.49,7,20,8,3,1,65579.0,0
EdTech,Startup,Monthly,Dedicated-CSM,2432.32,52,19,15,1,0,38821.0,0
FinTech,Enterprise,Monthly,Self-Serve,4178.64,22,19,17,2,1,172685.0,0
E-Commerce,Growth,Monthly,,625.23,9,8,7,5,3,159254.0,1
FinTech,Startup,Quarterly,Self-Serve,886.47,10,18,5,4,2,32462.0,0
EdTech,Growth,Monthly,Self-Serve,5867.71,45,23,13,6,2,52300.0,0
EdTech,Startup,Quarterly,Dedicated-CSM,584.74,15,16,4,5,4,82844.0,1
Media,Growth,Monthly,Assisted,428.39,22,18,17,2,1,28377.0,0
FinTech,Enterprise,Multi-Year,Assisted,4908.8,9,18,6,2,0,88415.0,0
FinTech,Growth,Monthly,Assisted,3704.3,4,21,7,0,0,5909.0,0
HealthTech,Growth,Multi-Year,Dedicated-CSM,1933.92,23,21,19,7,3,32807.0,1
HealthTech,Growth,Multi-Year,Dedicated-CSM,1288.39,16,21,20,4,2,32948.0,0
FinTech,Startup,Quarterly,Self-Serve,922.65,12,25,18,2,0,57705.0,0
Media,Startup,Annual,Self-Serve,1702.17,17,17,5,3,1,6188.0,0
FinTech,Growth,Monthly,Assisted,5129.87,4,20,11,5,4,5447.0,1
HealthTech,Startup,Annual,Self-Serve,1640.54,28,18,15,3,1,115428.0,0
EdTech,Startup,Monthly,Dedicated-CSM,8449.95,53,17,11,3,1,18102.0,0
HealthTech,Growth,Monthly,Assisted,624.37,39,25,7,1,1,19795.0,0
EdTech,Startup,Quarterly,Dedicated-CSM,1317.21,6,21,7,1,0,74998.0,0
FinTech,Startup,Quarterly,Self-Serve,975.45,9,23,20,1,1,26799.0,0
E-Commerce,Growth,Quarterly,Dedicated-CSM,532.52,29,20,12,1,1,89465.0,0
FinTech,Startup,Monthly,Self-Serve,1176.01,16,15,11,0,0,25664.0,0
FinTech,Custom,Monthly,Dedicated-CSM,1909.75,14,14,6,0,0,71481.0,1
Media,Enterprise,Monthly,Self-Serve,2091.41,47,16,10,1,0,37255.0,0
FinTech,Enterprise,Monthly,Assisted,8475.07,13,22,21,2,0,137310.0,0
E-Commerce,Startup,Monthly,Assisted,1987.83,13,9,4,2,1,19829.0,0
HealthTech,Enterprise,Monthly,,3560.36,1,21,15,3,1,22525.0,0
HealthTech,Enterprise,Monthly,Assisted,1416.83,1,16,5,1,1,175305.0,0
Logistics,Enterprise,Annual,Dedicated-CSM,5576.67,1,20,5,2,1,66880.0,0
FinTech,Startup,Monthly,Assisted,10287.47,44,19,15,1,0,74045.0,0
EdTech,Growth,Annual,Assisted,2103.64,9,14,12,2,2,17547.0,0
Media,Enterprise,Monthly,Self-Serve,576.08,11,18,13,2,1,37969.0,0
E-Commerce,Growth,Annual,,840.1,33,28,9,3,2,18810.0,0
Media,Growth,Quarterly,Assisted,1702.14,16,16,6,0,0,15046.0,0
FinTech,Growth,Monthly,Assisted,1974.41,16,24,22,2,1,38312.0,0
HealthTech,Growth,Quarterly,Self-Serve,2425.18,6,21,9,1,0,220155.0,0
HealthTech,Startup,Monthly,Assisted,1980.63,32,22,18,2,2,12080.0,0
EdTech,Growth,Quarterly,Self-Serve,1347.41,3,18,7,2,1,13888.0,1
Media,Startup,Monthly,Self-Serve,779.95,1,22,20,2,0,13928.0,0
HealthTech,Growth,Multi-Year,Assisted,1883.65,3,22,20,2,0,78439.0,0
EdTech,Startup,Monthly,Self-Serve,6481.71,5,18,4,0,0,35717.0,1
FinTech,Growth,Monthly,Self-Serve,3187.33,5,20,16,4,1,24288.0,1
E-Commerce,Startup,Annual,Assisted,2110.12,19,16,5,1,0,92828.0,0
E-Commerce,Growth,Monthly,Self-Serve,3213.55,4,26,9,2,2,17655.0,1
Media,Enterprise,Annual,Self-Serve,977.11,20,27,15,1,0,24897.0,0
E-Commerce,Startup,Quarterly,Self-Serve,869.55,1,20,13,1,0,3824.0,0
HealthTech,Startup,Annual,Assisted,709.37,2,27,12,2,1,6330.0,0
FinTech,Startup,Monthly,Assisted,1204.12,12,28,18,2,0,7351.0,0
FinTech,Enterprise,Annual,Assisted,935.7,45,15,5,2,2,21307.0,0
FinTech,Growth,Annual,Self-Serve,3740.72,35,20,4,0,0,37126.0,0
HealthTech,Growth,Monthly,Self-Serve,894.24,62,28,18,1,0,100.0,0
Logistics,Startup,Monthly,Self-Serve,677.01,18,15,9,1,0,10532.0,0
E-Commerce,Growth,Monthly,Assisted,6982.7,20,19,14,2,2,9658.0,0
E-Commerce,Enterprise,Multi-Year,Dedicated-CSM,912.63,17,17,12,2,2,14608.0,0
FinTech,Enterprise,Monthly,Self-Serve,1526.14,17,25,22,0,0,9081.0,0
Logistics,Growth,Quarterly,Self-Serve,1965.74,2,25,14,1,0,10854.0,0
EdTech,Startup,Monthly,Self-Serve,509.69,14,18,3,0,0,206386.0,1
FinTech,Startup,Monthly,Assisted,3828.24,8,13,9,2,2,45160.0,1
EdTech,Startup,Quarterly,Assisted,2302.04,10,19,14,4,1,71920.0,0
E-Commerce,Startup,Multi-Year,Assisted,5037.3,13,17,10,1,1,85558.0,0
FinTech,Startup,Quarterly,Dedicated-CSM,751.94,2,20,15,1,1,55083.0,0
E-Commerce,Startup,Annual,Assisted,1457.18,8,23,10,2,0,60883.0,0
E-Commerce,Growth,Quarterly,Self-Serve,1385.0,1,21,6,1,0,50022.0,0
FinTech,Custom,Monthly,Self-Serve,1676.23,70,19,13,1,1,52402.0,0
Media,Growth,Monthly,Assisted,389.0,2,23,9,3,1,131868.0,1
Logistics,Enterprise,Quarterly,Assisted,1471.76,5,15,8,4,4,10274.0,0
EdTech,Enterprise,Multi-Year,Assisted,398.42,39,19,11,1,0,16061.0,0
E-Commerce,Startup,Annual,Assisted,1816.35,11,19,11,2,0,4895.0,0
HealthTech,Enterprise,Monthly,Assisted,219.35,2,18,12,4,1,90800.0,1
EdTech,Startup,Monthly,Dedicated-CSM,277.59,8,17,3,1,1,29779.0,1
E-Commerce,Growth,Monthly,Assisted,2685.89,2,21,20,3,0,118814.0,0
FinTech,Startup,Multi-Year,Assisted,841.5,4,23,17,2,0,26524.0,0
E-Commerce,Custom,Annual,Self-Serve,578.43,1,24,12,6,1,29225.0,1
Logistics,Startup,Annual,Assisted,3945.06,10,20,7,1,0,29743.0,0
E-Commerce,Startup,Monthly,Dedicated-CSM,1769.55,29,16,4,2,2,47401.0,0
FinTech,Custom,Quarterly,Self-Serve,2810.95,15,22,16,1,0,,0
EdTech,Startup,Quarterly,Assisted,1162.93,16,19,8,3,1,21639.0,0
FinTech,Growth,Monthly,Assisted,13064.9,4,17,6,1,0,49735.0,1
HealthTech,Enterprise,Quarterly,Self-Serve,801.24,7,11,5,0,0,11406.0,0
FinTech,Enterprise,Monthly,Assisted,5900.67,33,24,16,2,1,40377.0,0
HealthTech,Custom,Monthly,Self-Serve,1271.36,1,17,12,1,1,39547.0,0
EdTech,Custom,Annual,Dedicated-CSM,328.21,35,14,10,2,1,109783.0,0
E-Commerce,Startup,Annual,Dedicated-CSM,2019.13,11,19,16,6,3,113094.0,1
FinTech,Enterprise,Monthly,Self-Serve,1750.31,32,25,9,3,3,33395.0,1
Logistics,Growth,Quarterly,Self-Serve,548.06,6,11,7,1,1,1245.0,0
Logistics,Growth,Monthly,Assisted,611.62,7,22,6,2,0,93095.0,0
Logistics,Startup,Annual,Self-Serve,1311.61,25,20,12,1,0,100.0,0
FinTech,Growth,Annual,Self-Serve,1803.14,27,24,16,2,2,32529.0,0
E-Commerce,Custom,Annual,Assisted,164.01,4,28,10,4,3,999.0,1
Media,Custom,Annual,Self-Serve,3278.54,64,19,9,4,1,21739.0,0
EdTech,Growth,Monthly,Self-Serve,879.78,1,18,15,2,1,50635.0,0
FinTech,Startup,Monthly,Dedicated-CSM,431.82,1,16,5,3,1,23197.0,0
FinTech,Growth,Quarterly,Dedicated-CSM,2980.68,16,21,11,1,0,130790.0,0
E-Commerce,Enterprise,Monthly,Assisted,1312.81,23,29,27,0,0,51189.0,0
Media,Enterprise,Annual,Dedicated-CSM,3765.9,58,24,14,1,1,51986.0,0
E-Commerce,Growth,Monthly,Self-Serve,1943.53,9,25,19,1,0,23455.0,0
E-Commerce,Startup,Monthly,Self-Serve,1337.71,1,23,19,3,0,1965.0,0
FinTech,Growth,Monthly,Self-Serve,1176.36,16,19,6,1,1,67005.0,0
EdTech,Growth,Multi-Year,Assisted,2018.9,6,21,7,2,1,62982.0,0
Logistics,Custom,Monthly,Dedicated-CSM,942.46,10,19,15,5,0,37764.0,0
HealthTech,Growth,Annual,Assisted,648.92,12,20,16,5,1,26916.0,0
EdTech,Startup,Monthly,Dedicated-CSM,2249.41,1,26,6,4,0,38644.0,1
Media,Growth,Monthly,Assisted,1184.63,11,22,10,0,0,68682.0,0
FinTech,Startup,Quarterly,Self-Serve,1378.2,10,14,7,1,0,62376.0,0
E-Commerce,Custom,Annual,Assisted,3381.16,22,19,16,5,1,53663.0,0
HealthTech,Growth,Quarterly,Self-Serve,1215.86,18,21,11,3,2,117054.0,0
EdTech,Growth,Annual,Self-Serve,1356.66,3,34,31,1,1,47066.0,0
E-Commerce,Growth,Monthly,Assisted,804.56,4,19,18,1,0,731.0,0
E-Commerce,Growth,Monthly,Assisted,1931.65,5,17,14,1,0,48125.0,0
EdTech,Growth,Multi-Year,Assisted,1803.26,3,24,17,1,0,47410.0,0
HealthTech,Enterprise,Monthly,Assisted,2880.33,19,19,9,3,0,3609.0,0
Media,Startup,Quarterly,Self-Serve,818.72,72,19,4,2,0,27907.0,0
E-Commerce,Startup,Annual,Assisted,907.65,19,16,10,2,0,52648.0,0
FinTech,Startup,Monthly,Assisted,2626.26,16,24,11,1,1,60955.0,1
EdTech,Growth,Annual,Self-Serve,1659.68,9,30,14,3,3,111770.0,0
EdTech,Startup,Monthly,Dedicated-CSM,620.0,6,12,9,2,1,92063.0,0
HealthTech,Growth,Monthly,Assisted,4066.63,43,17,9,2,1,6196.0,0
Logistics,Enterprise,Monthly,Assisted,316.18,62,19,15,1,1,46925.0,0
Media,Enterprise,Annual,Dedicated-CSM,2608.79,12,17,8,0,0,45377.0,0
HealthTech,Growth,Monthly,Dedicated-CSM,456.95,6,30,9,3,1,18102.0,0
Media,Growth,Annual,Dedicated-CSM,6653.65,26,21,11,4,2,10174.0,0
FinTech,Startup,Multi-Year,Self-Serve,360.36,2,24,23,2,1,11126.0,0
FinTech,Growth,Quarterly,Self-Serve,3566.76,26,19,15,1,0,9773.0,1
FinTech,Enterprise,Quarterly,Self-Serve,1249.64,30,19,6,2,0,82063.0,0
Logistics,Startup,Quarterly,Self-Serve,980.82,2,23,11,2,2,8032.0,0
EdTech,Growth,Monthly,Dedicated-CSM,1568.05,67,28,26,3,1,15353.0,0
FinTech,Enterprise,Quarterly,Assisted,2291.85,72,21,6,0,0,12281.0,0
HealthTech,Enterprise,Annual,Self-Serve,620.96,49,12,4,2,0,62389.0,0
E-Commerce,Startup,Multi-Year,Self-Serve,669.53,12,19,7,2,0,8622.0,0
FinTech,Growth,Multi-Year,Self-Serve,2326.6,5,15,9,2,0,1218.0,0
Logistics,Startup,Annual,Assisted,313.8,15,22,11,2,0,23438.0,0
Logistics,Startup,Annual,Assisted,815.18,9,16,4,3,1,18199.0,0
E-Commerce,Custom,Quarterly,Dedicated-CSM,17757.87,4,22,15,2,0,25350.0,1
Media,Enterprise,Annual,Dedicated-CSM,588.27,9,9,2,1,0,70084.0,0
HealthTech,Enterprise,Annual,Self-Serve,3553.3,19,18,12,1,0,622.0,0
Media,Startup,Monthly,Self-Serve,813.98,1,11,6,3,0,1922.0,0
EdTech,Enterprise,Multi-Year,Self-Serve,2064.59,7,17,10,2,1,14762.0,1
E-Commerce,Growth,Monthly,Self-Serve,2336.02,1,29,7,1,1,110005.0,0
FinTech,Startup,Annual,Dedicated-CSM,3496.83,24,20,14,2,1,9261.0,0
Logistics,Growth,Annual,Assisted,1129.79,18,14,7,2,0,291094.0,0
HealthTech,Startup,Multi-Year,Assisted,7263.03,1,19,10,3,0,81916.0,0
FinTech,Enterprise,Monthly,Assisted,811.65,60,12,8,1,1,30453.0,0
FinTech,Growth,Annual,Self-Serve,1634.49,1,15,10,4,0,68889.0,0
E-Commerce,Startup,Quarterly,Self-Serve,1649.93,16,21,4,2,1,36575.0,0
E-Commerce,Startup,Monthly,Assisted,516.11,26,19,5,6,2,41735.0,0
EdTech,Startup,Annual,Assisted,1050.49,27,23,8,1,1,43467.0,0
Logistics,Startup,Quarterly,Self-Serve,1536.54,1,18,13,1,0,52309.0,0
FinTech,Growth,Annual,Assisted,927.69,42,21,13,1,0,3134.0,0
EdTech,Enterprise,Monthly,Dedicated-CSM,10665.67,45,17,13,3,1,47921.0,1
FinTech,Startup,Quarterly,Assisted,656.66,14,16,12,3,1,63106.0,0
Logistics,Startup,Annual,Assisted,3650.1,11,17,15,2,1,18606.0,0
Logistics,Growth,Monthly,,2773.85,1,17,8,2,0,192169.0,1
E-Commerce,Enterprise,Monthly,Assisted,1323.74,14,28,13,2,0,7800.0,0
EdTech,Startup,Multi-Year,Assisted,641.99,9,24,20,3,1,120644.0,0
HealthTech,Startup,Quarterly,Dedicated-CSM,697.14,26,25,9,2,1,56420.0,0
E-Commerce,Growth,Annual,Self-Serve,862.41,9,12,6,3,0,54579.0,0
Logistics,Startup,Monthly,Assisted,293.57,20,26,9,3,2,104383.0,1
E-Commerce,Startup,Monthly,Self-Serve,570.81,1,21,19,2,1,89109.0,0
HealthTech,Enterprise,Monthly,Self-Serve,379.9,2,17,8,2,2,21189.0,0
E-Commerce,Growth,Monthly,,4204.85,2,23,8,2,1,61102.0,1
Logistics,Growth,Quarterly,Dedicated-CSM,2265.82,1,25,18,5,1,2596.0,1
HealthTech,Enterprise,Quarterly,Self-Serve,2612.54,14,13,5,1,0,31183.0,0
FinTech,Growth,Quarterly,Self-Serve,2209.47,28,30,28,0,0,138852.0,0
EdTech,Startup,Monthly,Self-Serve,1543.68,16,23,11,2,1,16016.0,0
Logistics,Growth,Quarterly,Assisted,4635.87,15,14,10,3,0,2563.0,0
FinTech,Startup,Monthly,Self-Serve,797.0,20,28,13,2,2,43727.0,1
FinTech,Startup,Monthly,Self-Serve,1466.55,7,17,14,2,1,21933.0,0
FinTech,Growth,Multi-Year,Assisted,2527.54,8,20,18,1,0,23876.0,0
HealthTech,Enterprise,Annual,Self-Serve,435.71,6,26,21,5,2,43668.0,0
E-Commerce,Custom,Annual,Assisted,18622.03,22,23,20,0,0,48589.0,0
EdTech,Growth,Monthly,Assisted,1372.35,3,20,5,1,0,,0
EdTech,Startup,Multi-Year,Self-Serve,1511.25,1,12,11,0,0,35418.0,0
E-Commerce,Startup,Annual,Assisted,3898.5,16,27,18,2,0,249953.0,0
HealthTech,Enterprise,Annual,Assisted,2915.25,51,16,14,3,2,157500.0,0
Logistics,Growth,Monthly,Assisted,1383.49,16,23,17,6,3,61433.0,1
E-Commerce,Growth,Multi-Year,Assisted,1496.09,27,20,7,0,0,8806.0,0
Media,Enterprise,Annual,Self-Serve,372.96,20,21,14,2,1,22311.0,0
E-Commerce,Enterprise,Annual,Dedicated-CSM,834.64,12,20,5,2,0,107317.0,0
FinTech,Enterprise,Monthly,,2078.97,22,22,16,7,3,27545.0,1
EdTech,Startup,Monthly,Self-Serve,1953.37,31,18,9,3,3,155465.0,1
HealthTech,Enterprise,Monthly,Self-Serve,3781.93,4,16,5,0,0,33501.0,0
EdTech,Enterprise,Monthly,Self-Serve,1209.03,7,17,16,2,2,98942.0,0
FinTech,Startup,Annual,Self-Serve,411.91,4,23,21,0,0,1801.0,0
FinTech,Growth,Monthly,Assisted,3288.61,10,15,13,3,0,28473.0,0
Logistics,Startup,Monthly,Self-Serve,4539.97,38,22,18,3,2,60242.0,0
FinTech,Custom,Monthly,Self-Serve,2874.14,7,11,8,1,0,99595.0,0
Logistics,Startup,Monthly,Assisted,1165.51,8,18,13,2,1,47033.0,0
HealthTech,Growth,Monthly,Self-Serve,3254.29,35,9,2,3,1,9513.0,0
E-Commerce,Startup,Annual,Assisted,20000.0,13,20,18,6,4,108488.0,1
EdTech,Enterprise,Quarterly,,1477.16,13,22,19,2,0,42761.0,0
E-Commerce,Startup,Monthly,Self-Serve,439.23,35,17,13,4,3,5715.0,0
HealthTech,Startup,Monthly,Assisted,813.75,12,14,13,3,2,31167.0,0
FinTech,Growth,Monthly,Assisted,2279.37,20,12,7,1,0,60023.0,0
FinTech,Custom,Monthly,Self-Serve,342.38,1,25,13,2,2,29984.0,1
HealthTech,Startup,Annual,Self-Serve,1546.88,3,25,24,2,0,102316.0,0
EdTech,Startup,Annual,Assisted,1850.64,9,20,11,1,0,27556.0,0
Media,Enterprise,Annual,Dedicated-CSM,4938.68,12,28,19,2,2,43788.0,0
Logistics,Growth,Annual,Assisted,4079.24,60,23,11,4,1,11860.0,0
EdTech,Custom,Monthly,Self-Serve,2793.07,63,19,13,2,1,35942.0,0
EdTech,Startup,Multi-Year,Assisted,213.09,34,19,14,0,0,12607.0,0
EdTech,Growth,Annual,Assisted,2930.4,6,17,11,0,0,12757.0,0
HealthTech,Startup,Multi-Year,Assisted,2439.84,59,18,11,2,1,16418.0,0
Media,Startup,Monthly,Assisted,1664.95,21,27,11,1,0,2260.0,0
EdTech,Growth,Multi-Year,Assisted,307.76,8,21,15,0,0,8915.0,0
E-Commerce,Growth,Annual,Dedicated-CSM,692.11,21,20,18,2,2,27614.0,0
FinTech,Enterprise,Annual,Assisted,496.81,1,21,4,2,2,7024.0,1
HealthTech,Startup,Monthly,Assisted,241.59,2,21,6,2,1,7158.0,1
E-Commerce,Growth,Annual,Self-Serve,1336.12,31,21,6,5,1,171995.0,0
Logistics,Growth,Multi-Year,Dedicated-CSM,679.84,18,24,22,3,1,27852.0,0
E-Commerce,Custom,Annual,Dedicated-CSM,12475.35,8,24,17,1,1,25853.0,1
HealthTech,Startup,Quarterly,Self-Serve,1160.43,12,15,14,2,0,15581.0,0
Media,Startup,Multi-Year,Assisted,4022.63,42,17,11,1,0,35918.0,0
FinTech,Growth,Monthly,Self-Serve,352.93,17,21,11,2,2,45325.0,0
HealthTech,Growth,Quarterly,Assisted,853.57,9,22,18,2,0,27080.0,0
FinTech,Startup,Quarterly,Assisted,1454.42,2,24,7,3,0,25028.0,0
EdTech,Custom,Multi-Year,Self-Serve,618.98,6,17,8,2,0,60270.0,0
Media,Startup,Monthly,Dedicated-CSM,935.55,68,14,8,2,2,149564.0,0
HealthTech,Enterprise,Quarterly,Self-Serve,1112.92,10,11,4,1,0,105114.0,0
Logistics,Startup,Annual,Assisted,1097.93,11,25,12,4,0,6313.0,0
HealthTech,Growth,Annual,Assisted,6482.43,12,22,5,1,1,52822.0,0
Media,Custom,Quarterly,Self-Serve,1847.32,38,23,8,3,2,354.0,1
EdTech,Startup,Multi-Year,Self-Serve,2013.41,16,21,9,2,0,50132.0,0
Logistics,Custom,Multi-Year,Self-Serve,2119.01,21,27,22,2,1,31214.0,0
FinTech,Growth,Monthly,Assisted,2254.61,8,13,4,5,1,33776.0,0
Media,Custom,Monthly,Assisted,1248.31,1,25,11,4,1,44340.0,1
EdTech,Growth,Monthly,Self-Serve,1019.8,48,15,3,1,0,67867.0,0
HealthTech,Startup,Monthly,Self-Serve,1543.48,53,20,12,0,0,65366.0,0
Logistics,Startup,Quarterly,Self-Serve,3580.59,53,18,12,2,1,2275.0,0
HealthTech,Startup,Multi-Year,Assisted,3488.76,51,17,15,2,1,66684.0,0
Logistics,Startup,Annual,Assisted,1091.89,30,17,14,3,1,88544.0,0
FinTech,Startup,Monthly,Self-Serve,2572.59,20,22,9,1,0,3530.0,0
EdTech,Startup,Monthly,Assisted,1135.24,33,13,4,1,1,19500.0,0
E-Commerce,Growth,Quarterly,Self-Serve,1378.55,16,22,7,2,0,78526.0,0
FinTech,Enterprise,Quarterly,Dedicated-CSM,895.61,2,16,15,3,1,33973.0,0
FinTech,Startup,Monthly,Dedicated-CSM,1147.8,8,19,14,3,0,59354.0,0
FinTech,Startup,Annual,Assisted,4188.64,63,13,3,1,1,34889.0,0
E-Commerce,Growth,Multi-Year,Dedicated-CSM,1448.9,7,18,5,3,0,191344.0,0
HealthTech,Startup,Monthly,Dedicated-CSM,1502.66,36,24,14,1,0,137595.0,0
E-Commerce,Startup,Annual,Dedicated-CSM,391.45,1,21,7,3,1,16505.0,0
HealthTech,Startup,Monthly,Assisted,1029.82,7,20,16,0,0,24379.0,0
HealthTech,Custom,Annual,Self-Serve,1091.04,7,20,13,3,1,28224.0,0
EdTech,Enterprise,Quarterly,Self-Serve,661.98,1,16,11,1,0,5502.0,0
FinTech,Growth,Monthly,Self-Serve,1364.33,2,14,7,4,1,25882.0,0
Media,Growth,Multi-Year,Assisted,930.01,3,19,7,2,1,74549.0,0
Logistics,Growth,Quarterly,Self-Serve,1433.68,32,34,22,2,0,93832.0,0
EdTech,Growth,Annual,Self-Serve,1485.16,1,26,20,1,0,108636.0,0
E-Commerce,Growth,Monthly,Assisted,594.43,6,20,9,1,0,733.0,0
Logistics,Growth,Monthly,Self-Serve,954.42,1,20,12,2,0,,0
FinTech,Startup,Monthly,Assisted,1430.48,21,18,15,2,0,34921.0,0
FinTech,Startup,Quarterly,Dedicated-CSM,3665.26,17,18,5,4,1,11544.0,0
FinTech,Growth,Annual,Assisted,1666.05,18,10,6,1,0,34532.0,0
EdTech,Enterprise,Monthly,Assisted,763.07,8,17,8,0,0,92979.0,0
FinTech,Growth,Annual,Assisted,1880.24,4,13,9,3,0,28480.0,0
E-Commerce,Enterprise,Annual,Assisted,5718.24,22,19,4,1,1,232619.0,0
Media,Custom,Annual,Self-Serve,2919.6,29,16,11,6,3,47945.0,0
Logistics,Startup,Quarterly,Dedicated-CSM,2133.24,2,21,5,1,0,33644.0,0
E-Commerce,Growth,Multi-Year,Self-Serve,2481.83,12,19,4,2,0,17470.0,0
FinTech,Growth,Quarterly,Self-Serve,4554.91,5,16,12,7,1,556.0,1
Logistics,Custom,Quarterly,Assisted,3341.86,3,30,21,3,1,47151.0,0
E-Commerce,Custom,Monthly,Self-Serve,2168.4,23,26,23,1,1,43078.0,0
FinTech,Growth,Monthly,Self-Serve,3322.08,13,29,17,1,0,36368.0,0
FinTech,Startup,Monthly,Self-Serve,534.11,4,18,11,1,0,38578.0,0
Media,Enterprise,Annual,,373.56,6,23,17,1,0,92742.0,0
EdTech,Startup,Monthly,Self-Serve,1530.78,61,20,9,2,1,19053.0,0
Logistics,Enterprise,Monthly,Self-Serve,1419.95,33,18,4,7,2,39954.0,0
Logistics,Custom,Annual,Assisted,843.6,38,21,8,0,0,56964.0,0
E-Commerce,Growth,Monthly,Dedicated-CSM,2702.61,11,23,8,2,0,11775.0,0
E-Commerce,Growth,Monthly,Self-Serve,274.94,17,24,11,5,1,129393.0,0
HealthTech,Growth,Monthly,Dedicated-CSM,850.18,8,23,21,3,2,66803.0,0
HealthTech,Growth,Annual,Self-Serve,886.95,1,23,19,1,0,2738.0,0
HealthTech,Startup,Monthly,Self-Serve,333.33,9,19,18,0,0,100164.0,0
EdTech,Enterprise,Quarterly,Self-Serve,4772.0,16,22,21,1,0,132870.0,0
E-Commerce,Custom,Quarterly,Assisted,421.86,6,18,9,3,2,78914.0,0
Logistics,Custom,Annual,Assisted,812.33,33,20,7,2,2,27776.0,0
HealthTech,Startup,Annual,Assisted,2898.02,2,19,12,2,1,259044.0,0
E-Commerce,Enterprise,Annual,Assisted,2319.57,8,20,18,0,0,6644.0,0
E-Commerce,Enterprise,Monthly,Assisted,522.2,2,16,9,2,1,38459.0,1
E-Commerce,Startup,Monthly,Assisted,2392.55,9,23,13,5,4,9340.0,1
EdTech,Startup,Monthly,Dedicated-CSM,1713.54,1,20,6,2,1,28933.0,0
FinTech,Startup,Monthly,Self-Serve,9731.08,5,26,13,3,2,131156.0,1
E-Commerce,Custom,Monthly,Self-Serve,1888.14,9,17,8,3,1,79057.0,0
FinTech,Growth,Monthly,Assisted,1187.9,11,17,8,3,2,76182.0,0
HealthTech,Enterprise,Quarterly,Assisted,646.76,14,23,20,2,0,,0
E-Commerce,Startup,Annual,Self-Serve,711.51,5,31,7,3,1,136110.0,0
EdTech,Enterprise,Monthly,Self-Serve,663.88,13,16,15,1,0,22964.0,0
Media,Startup,Annual,Assisted,4295.98,12,16,3,7,3,2040.0,1
E-Commerce,Growth,Monthly,Assisted,1360.05,6,27,25,3,1,50778.0,0
EdTech,Growth,Monthly,Self-Serve,2165.62,31,21,13,1,1,22522.0,0
E-Commerce,Startup,Quarterly,Dedicated-CSM,4851.83,14,17,12,1,1,8346.0,0
E-Commerce,Enterprise,Monthly,Assisted,180.42,7,19,6,2,1,136406.0,0
FinTech,Startup,Monthly,Assisted,3972.07,52,17,12,0,0,50701.0,0
HealthTech,Growth,Monthly,Assisted,1404.01,33,15,13,1,0,141114.0,0
HealthTech,Growth,Multi-Year,Dedicated-CSM,1938.74,72,22,6,1,0,43731.0,0
E-Commerce,Growth,Annual,Self-Serve,662.39,21,12,3,0,0,3300.0,0
FinTech,Startup,Monthly,Self-Serve,704.96,8,21,9,2,0,1520.0,0
FinTech,Startup,Annual,Assisted,2029.45,5,19,6,1,0,115411.0,0
HealthTech,Custom,Annual,Assisted,10167.06,19,14,4,2,1,1975.0,1
Media,Startup,Annual,Self-Serve,3142.63,71,31,23,1,1,47748.0,0
HealthTech,Enterprise,Annual,Dedicated-CSM,3927.25,17,20,7,1,0,17689.0,0
E-Commerce,Custom,Monthly,Assisted,1137.74,38,10,7,1,1,58183.0,0
FinTech,Startup,Monthly,Self-Serve,804.18,7,18,16,2,0,16754.0,0
E-Commerce,Startup,Quarterly,Self-Serve,689.74,9,24,17,2,0,1897.0,0
HealthTech,Growth,Quarterly,Self-Serve,884.45,42,14,4,0,0,65622.0,0
FinTech,Custom,Quarterly,Assisted,233.96,25,18,11,1,0,18619.0,0
E-Commerce,Custom,Quarterly,Dedicated-CSM,723.3,71,20,10,1,1,40014.0,0
FinTech,Growth,Multi-Year,Assisted,831.89,26,20,9,2,0,74331.0,0
FinTech,Enterprise,Multi-Year,Dedicated-CSM,1153.95,10,19,8,0,0,60671.0,0
FinTech,Startup,Annual,,1498.15,13,11,10,2,0,21429.0,0
FinTech,Custom,Annual,Assisted,1822.72,41,18,14,2,2,68882.0,0
FinTech,Custom,Multi-Year,Assisted,1322.55,14,29,8,5,4,129969.0,1
HealthTech,Startup,Monthly,Assisted,817.11,5,17,9,3,0,47077.0,0
Logistics,Startup,Monthly,Assisted,252.43,10,18,8,2,0,60786.0,0
E-Commerce,Startup,Quarterly,Self-Serve,821.38,13,16,15,0,0,100462.0,0
E-Commerce,Startup,Annual,Assisted,586.06,1,10,9,0,0,92780.0,0
HealthTech,Enterprise,Quarterly,Self-Serve,1990.53,24,16,7,2,1,21662.0,0
Media,Growth,Annual,Dedicated-CSM,2901.24,2,22,10,2,1,239579.0,0
HealthTech,Startup,Monthly,Dedicated-CSM,2974.36,9,23,15,2,0,1449.0,0
FinTech,Startup,Monthly,Self-Serve,2548.88,29,27,15,3,1,216028.0,0
E-Commerce,Custom,Annual,Self-Serve,1195.72,11,15,5,1,1,14118.0,1
FinTech,Growth,Monthly,Assisted,859.49,33,18,13,2,0,29030.0,0
HealthTech,Growth,Monthly,Assisted,709.79,7,16,7,0,0,107574.0,0
E-Commerce,Startup,Monthly,Self-Serve,371.9,56,20,14,2,2,14007.0,0
Logistics,Custom,Monthly,Assisted,3112.17,4,18,9,1,1,12731.0,0
E-Commerce,Enterprise,Annual,Self-Serve,1154.58,1,23,17,0,0,51516.0,0
EdTech,Startup,Monthly,Self-Serve,464.34,37,16,11,5,1,61115.0,0
Media,Startup,Quarterly,Self-Serve,663.47,25,23,13,5,2,375.0,0
FinTech,Startup,Monthly,Self-Serve,641.03,4,21,16,4,0,29932.0,0
HealthTech,Startup,Annual,Assisted,1389.32,72,17,9,4,3,33580.0,0
HealthTech,Growth,Monthly,Dedicated-CSM,3318.76,12,28,8,3,0,15861.0,0
HealthTech,Custom,Annual,Assisted,996.46,54,25,8,3,2,39495.0,0
HealthTech,Growth,Annual,Assisted,197.42,12,23,9,3,1,8396.0,0
Media,Enterprise,Monthly,Self-Serve,1140.47,11,15,3,0,0,19549.0,0
EdTech,Growth,Annual,,1172.9,10,21,16,2,0,62455.0,0
E-Commerce,Enterprise,Annual,Self-Serve,1106.35,7,22,10,3,0,103489.0,0
HealthTech,Enterprise,Monthly,Assisted,785.77,13,14,3,1,0,44504.0,0
Logistics,Startup,Monthly,Dedicated-CSM,1611.34,10,21,17,1,1,3890.0,0
Media,Growth,Multi-Year,Self-Serve,1416.89,1,25,18,4,2,56776.0,0
Logistics,Growth,Annual,Assisted,1311.46,5,13,7,1,0,113942.0,0
FinTech,Startup,Monthly,Self-Serve,1902.16,4,20,7,2,0,35091.0,0
E-Commerce,Growth,Monthly,Self-Serve,929.5,36,19,6,0,0,34031.0,0
FinTech,Growth,Annual,Self-Serve,885.72,16,25,14,2,1,237879.0,0
HealthTech,Custom,Annual,Self-Serve,4329.06,25,17,15,2,0,50571.0,0
FinTech,Growth,Annual,Self-Serve,2154.8,56,15,5,2,0,82002.0,0
E-Commerce,Enterprise,Monthly,Self-Serve,2705.13,18,25,16,0,0,51993.0,0
EdTech,Growth,Annual,Assisted,3797.84,72,24,23,2,0,12482.0,0
FinTech,Enterprise,Monthly,Self-Serve,2094.46,6,18,12,2,0,16709.0,0
HealthTech,Growth,Monthly,Assisted,2948.73,3,19,10,4,2,54787.0,1
E-Commerce,Enterprise,Annual,Dedicated-CSM,349.87,9,27,20,1,1,30447.0,0
HealthTech,Growth,Multi-Year,Assisted,1593.25,11,12,10,2,0,25905.0,0
FinTech,Growth,Monthly,Self-Serve,1146.75,40,26,17,2,1,1135.0,0
HealthTech,Growth,Quarterly,Self-Serve,5574.91,14,13,11,2,1,107868.0,0
EdTech,Growth,Annual,Dedicated-CSM,2946.87,6,16,9,3,2,107923.0,0
FinTech,Startup,Quarterly,Assisted,783.77,24,18,15,2,1,30899.0,0
FinTech,Startup,Annual,Assisted,1838.81,12,25,24,3,2,60322.0,0
HealthTech,Startup,Annual,Self-Serve,1544.61,3,22,13,2,1,9790.0,0
Media,Enterprise,Monthly,Assisted,1970.77,15,18,12,2,1,35040.0,0
EdTech,Startup,Multi-Year,Self-Serve,563.4,43,24,16,3,1,28890.0,0
EdTech,Startup,Annual,Dedicated-CSM,1818.95,33,18,14,4,1,53445.0,0
HealthTech,Enterprise,Annual,Dedicated-CSM,1103.31,15,22,18,0,0,31711.0,0
E-Commerce,Startup,Annual,Self-Serve,1702.89,8,19,4,5,2,34501.0,1
FinTech,Growth,Annual,Assisted,723.62,1,20,15,5,0,17528.0,0
E-Commerce,Startup,Monthly,Self-Serve,814.6,11,15,12,2,1,2482.0,0
Media,Custom,Monthly,,3632.82,25,21,15,1,0,124461.0,0
E-Commerce,Enterprise,Annual,Dedicated-CSM,547.95,8,22,16,0,0,615.0,0
Logistics,Enterprise,Monthly,Assisted,583.42,4,21,4,2,1,16517.0,0
EdTech,Growth,Monthly,Self-Serve,1281.97,48,11,6,3,1,29675.0,0
FinTech,Enterprise,Annual,Self-Serve,694.99,31,24,20,3,1,19216.0,0
Media,Startup,Annual,Dedicated-CSM,631.26,18,21,19,0,0,40139.0,0
FinTech,Startup,Monthly,Assisted,1464.57,2,15,5,2,2,30959.0,1
E-Commerce,Startup,Annual,Assisted,372.67,2,25,16,7,5,14751.0,1
FinTech,Growth,Annual,Self-Serve,568.63,1,25,21,0,0,4607.0,0
FinTech,Growth,Quarterly,Self-Serve,7676.98,17,13,10,5,1,7398.0,1
HealthTech,Growth,Annual,Dedicated-CSM,1979.41,2,15,10,2,0,33308.0,0
HealthTech,Startup,Monthly,Assisted,710.11,33,19,4,1,1,93522.0,0
E-Commerce,Growth,Monthly,Assisted,1911.19,72,17,13,1,1,5304.0,0
E-Commerce,Enterprise,Monthly,Assisted,2169.45,8,17,13,5,2,56537.0,1
FinTech,Growth,Quarterly,Assisted,3118.95,10,20,15,1,1,78533.0,0
FinTech,Enterprise,Quarterly,Self-Serve,1202.21,22,19,15,1,1,16202.0,0
E-Commerce,Startup,Annual,Self-Serve,3071.81,49,17,9,1,0,55167.0,0
HealthTech,Enterprise,Annual,Assisted,236.82,40,22,21,3,1,58023.0,0
EdTech,Growth,Quarterly,,545.74,1,24,19,2,0,61515.0,0
EdTech,Startup,Annual,Assisted,1539.62,3,15,9,1,0,110733.0,0
Logistics,Startup,Monthly,Dedicated-CSM,1772.57,25,22,20,3,1,25419.0,0
EdTech,Growth,Monthly,Self-Serve,617.07,21,24,22,4,0,13965.0,0
HealthTech,Enterprise,Annual,Self-Serve,1669.88,2,12,10,0,0,39246.0,0
EdTech,Growth,Monthly,Dedicated-CSM,788.19,12,13,8,2,0,3230.0,0
HealthTech,Startup,Monthly,Assisted,1058.48,27,19,11,2,1,20317.0,0
HealthTech,Enterprise,Annual,Assisted,3200.49,4,26,12,4,4,107375.0,1
EdTech,Growth,Monthly,Assisted,2900.38,36,22,8,4,3,37970.0,1
HealthTech,Growth,Annual,Assisted,573.92,1,18,10,2,1,28695.0,1
EdTech,Growth,Monthly,Self-Serve,545.3,27,14,9,1,1,15441.0,0
Logistics,Startup,Monthly,Assisted,944.36,17,23,9,3,1,14409.0,0
Logistics,Growth,Monthly,Dedicated-CSM,1309.32,6,22,20,3,1,13499.0,0
Media,Growth,Quarterly,Assisted,765.7,22,22,14,3,1,88373.0,1
HealthTech,Custom,Monthly,Assisted,3243.95,27,24,14,2,0,210053.0,0
HealthTech,Growth,Quarterly,Self-Serve,1799.53,48,21,11,1,0,38264.0,0
E-Commerce,Growth,Annual,Self-Serve,1891.59,8,15,3,3,0,4160.0,0
HealthTech,Growth,Multi-Year,Self-Serve,456.43,20,24,21,2,1,69523.0,0
E-Commerce,Custom,Monthly,Self-Serve,3612.65,16,19,8,4,1,104801.0,1
EdTech,Enterprise,Quarterly,Dedicated-CSM,150.0,13,18,12,2,0,133848.0,0
EdTech,Growth,Quarterly,Assisted,2721.52,39,20,13,3,3,49547.0,0
HealthTech,Enterprise,Multi-Year,Assisted,2963.61,1,13,8,0,0,35350.0,0
FinTech,Growth,Multi-Year,Assisted,927.47,5,26,16,3,1,48449.0,0
HealthTech,Growth,Monthly,Self-Serve,3951.99,13,15,5,3,0,652.0,0
FinTech,Startup,Annual,Dedicated-CSM,1269.49,3,16,6,1,0,53271.0,0
Logistics,Growth,Monthly,Self-Serve,1412.43,42,17,10,1,0,61833.0,0
HealthTech,Startup,Monthly,Self-Serve,1787.55,18,12,9,2,1,64012.0,0
FinTech,Custom,Monthly,Assisted,20000.0,11,13,7,3,0,41399.0,1
FinTech,Startup,Quarterly,Dedicated-CSM,4199.7,30,23,8,0,0,60206.0,0
E-Commerce,Custom,Quarterly,Dedicated-CSM,2430.77,10,11,2,2,1,50921.0,1
E-Commerce,Growth,Monthly,Self-Serve,616.54,14,17,12,1,0,6138.0,0
HealthTech,Growth,Annual,Dedicated-CSM,1513.31,1,18,9,1,0,114319.0,0
FinTech,Growth,Monthly,Self-Serve,671.05,8,19,5,1,1,48739.0,0
HealthTech,Startup,Quarterly,Self-Serve,2694.03,2,15,11,1,1,65060.0,0
HealthTech,Growth,Monthly,Dedicated-CSM,1509.29,21,13,4,2,0,20995.0,0
EdTech,Startup,Monthly,Dedicated-CSM,514.99,11,24,14,4,1,125813.0,0
E-Commerce,Growth,Monthly,Assisted,1435.05,6,21,9,1,0,34920.0,0
HealthTech,Growth,Monthly,Assisted,650.67,11,21,19,2,0,56817.0,0
FinTech,Enterprise,Quarterly,,1523.15,4,23,8,1,0,152018.0,1
Media,Startup,Monthly,Assisted,645.34,46,16,8,1,1,123896.0,0
E-Commerce,Startup,Quarterly,Dedicated-CSM,1371.09,1,25,24,1,1,51754.0,0
EdTech,Growth,Monthly,,2534.87,36,19,8,1,1,9061.0,0
FinTech,Custom,Annual,Dedicated-CSM,1280.37,12,28,20,3,1,150358.0,0
E-Commerce,Enterprise,Annual,Dedicated-CSM,960.78,17,20,9,1,0,207184.0,0
FinTech,Growth,Monthly,Self-Serve,1592.06,6,20,5,3,0,5457.0,0
E-Commerce,Growth,Quarterly,Dedicated-CSM,2422.62,61,17,11,0,0,29919.0,0
Media,Startup,Monthly,Assisted,522.64,5,27,25,1,0,39732.0,0
HealthTech,Custom,Quarterly,Self-Serve,1671.64,15,24,13,2,0,4830.0,0
FinTech,Growth,Monthly,Assisted,4104.79,72,15,10,4,0,10516.0,0
FinTech,Startup,Quarterly,Self-Serve,2181.15,38,23,15,1,1,,0
HealthTech,Growth,Quarterly,Assisted,1406.83,13,23,12,0,0,164963.0,0
FinTech,Startup,Multi-Year,Dedicated-CSM,2307.17,72,20,13,2,0,1410.0,0
FinTech,Custom,Quarterly,Self-Serve,1967.7,21,18,7,2,1,121773.0,0
EdTech,Startup,Quarterly,Assisted,2541.63,4,20,10,2,1,114438.0,0
E-Commerce,Growth,Monthly,Dedicated-CSM,239.76,9,24,13,1,0,97308.0,0
HealthTech,Startup,Multi-Year,Assisted,357.65,7,21,18,0,0,23705.0,0
Media,Enterprise,Annual,Self-Serve,3146.68,7,19,9,5,3,33748.0,0
FinTech,Enterprise,Monthly,Assisted,372.6,25,22,15,1,0,25842.0,0
Media,Growth,Annual,Assisted,1884.29,15,20,7,3,2,147429.0,0
HealthTech,Growth,Monthly,Assisted,993.03,1,21,8,4,0,36839.0,0
Logistics,Enterprise,Annual,Dedicated-CSM,574.35,37,20,14,3,1,4202.0,0
E-Commerce,Startup,Annual,Assisted,1802.99,6,16,12,0,0,16014.0,0
Logistics,Startup,Monthly,Dedicated-CSM,1589.03,72,27,15,3,1,30998.0,0
Media,Startup,Annual,Assisted,8052.93,55,22,10,2,2,153475.0,0
HealthTech,Custom,Monthly,Self-Serve,787.54,50,24,22,0,0,42077.0,0
Media,Growth,Monthly,Assisted,4555.51,30,15,4,6,1,59548.0,1
HealthTech,Enterprise,Monthly,Assisted,1807.25,4,21,16,8,2,4634.0,1
HealthTech,Growth,Annual,Assisted,763.67,13,19,14,4,3,104910.0,0
HealthTech,Startup,Monthly,Self-Serve,2642.18,4,17,12,7,3,38720.0,1
E-Commerce,Startup,Monthly,Self-Serve,2166.52,5,16,15,1,0,127060.0,0
FinTech,Startup,Annual,Self-Serve,1380.87,16,26,20,2,2,29482.0,0
E-Commerce,Growth,Monthly,Self-Serve,1679.67,1,25,11,2,1,57456.0,0
E-Commerce,Startup,Monthly,Assisted,806.38,62,8,3,0,0,31823.0,0
EdTech,Startup,Monthly,Self-Serve,663.87,45,23,11,2,1,7690.0,0
Logistics,Enterprise,Monthly,Assisted,2554.28,8,22,4,3,1,15876.0,1
HealthTech,Custom,Quarterly,Self-Serve,1107.27,13,18,16,2,1,3481.0,0
HealthTech,Startup,Monthly,Self-Serve,1251.29,11,19,4,1,0,29015.0,0
HealthTech,Startup,Multi-Year,Assisted,1699.09,38,17,12,1,1,52397.0,0
FinTech,Startup,Annual,Self-Serve,1678.23,21,18,14,2,1,13967.0,0
FinTech,Growth,Monthly,Dedicated-CSM,397.45,5,26,22,0,0,33705.0,0
HealthTech,Enterprise,Monthly,Self-Serve,3997.06,10,19,12,3,0,30714.0,0
HealthTech,Startup,Monthly,Assisted,1484.75,10,27,21,5,4,38116.0,1
Media,Startup,Annual,Dedicated-CSM,1127.48,57,19,8,3,1,10203.0,0
E-Commerce,Enterprise,Monthly,Assisted,1931.82,3,18,14,4,3,38177.0,1
HealthTech,Growth,Monthly,Self-Serve,1637.72,1,16,7,0,0,22644.0,0
E-Commerce,Startup,Annual,Assisted,2570.88,38,18,16,2,2,16847.0,0
FinTech,Growth,Monthly,Assisted,2116.01,40,20,6,4,2,44092.0,1
HealthTech,Startup,Monthly,Dedicated-CSM,2465.55,36,23,10,2,2,8011.0,0
E-Commerce,Growth,Annual,Dedicated-CSM,4223.18,12,22,13,1,0,115460.0,0
E-Commerce,Enterprise,Annual,Self-Serve,2838.64,19,19,15,1,0,136555.0,0
HealthTech,Enterprise,Monthly,Dedicated-CSM,1168.63,14,22,17,3,0,54030.0,0
Media,Growth,Annual,Self-Serve,515.7,1,17,6,1,0,18060.0,0
Logistics,Custom,Monthly,Self-Serve,5528.26,16,15,4,1,0,49176.0,1
E-Commerce,Growth,Annual,Dedicated-CSM,1094.37,1,16,7,2,2,46005.0,0
E-Commerce,Enterprise,Quarterly,Self-Serve,895.93,7,16,9,1,1,24817.0,0
E-Commerce,Growth,Annual,Self-Serve,306.06,48,23,14,1,0,16931.0,0
FinTech,Enterprise,Multi-Year,Self-Serve,1785.94,6,21,11,0,0,9223.0,0
HealthTech,Custom,Multi-Year,Assisted,1520.13,50,13,9,3,2,12256.0,0
FinTech,Startup,Multi-Year,,369.5,5,17,9,0,0,52926.0,0
E-Commerce,Custom,Quarterly,Assisted,1969.0,6,21,20,2,2,108532.0,0
E-Commerce,Enterprise,Monthly,Self-Serve,877.03,17,25,10,3,2,24303.0,0
FinTech,Enterprise,Quarterly,Assisted,13184.11,25,13,9,4,1,6500.0,1
Media,Startup,Annual,Dedicated-CSM,825.54,12,21,14,3,3,644.0,0
Media,Enterprise,Annual,Dedicated-CSM,925.27,38,17,7,2,0,26036.0,0
EdTech,Enterprise,Monthly,Self-Serve,636.79,1,30,15,4,2,13235.0,1
E-Commerce,Startup,Multi-Year,Dedicated-CSM,3968.7,45,24,11,1,1,19471.0,0
Logistics,Custom,Annual,Assisted,975.69,3,12,4,5,1,13832.0,0
FinTech,Startup,Multi-Year,Self-Serve,723.3,38,16,9,2,1,54554.0,0
EdTech,Startup,Annual,Self-Serve,2442.83,9,17,8,1,0,50877.0,0
FinTech,Growth,Monthly,Self-Serve,414.35,32,16,5,2,0,121694.0,0
EdTech,Growth,Monthly,Assisted,2278.66,20,25,13,3,0,60156.0,0
HealthTech,Growth,Monthly,Self-Serve,6088.7,3,11,5,3,2,9013.0,1
Logistics,Startup,Monthly,Assisted,2168.12,45,26,7,3,0,69635.0,0
Media,Custom,Annual,Self-Serve,2303.57,5,15,4,3,2,10000.0,1
FinTech,Startup,Annual,Dedicated-CSM,2806.1,5,17,12,3,1,40890.0,0
E-Commerce,Startup,Annual,Self-Serve,5728.75,30,21,16,6,2,4011.0,0
Media,Startup,Annual,Dedicated-CSM,3745.87,2,14,13,1,1,2424.0,0
E-Commerce,Growth,Monthly,Dedicated-CSM,1946.37,4,18,4,4,1,31203.0,0
Logistics,Custom,Monthly,Self-Serve,2887.97,12,13,3,3,1,5546.0,1
E-Commerce,Growth,Monthly,Assisted,630.78,31,19,4,2,0,18312.0,0
HealthTech,Enterprise,Monthly,Self-Serve,2591.13,2,16,10,2,1,20687.0,1
HealthTech,Startup,Quarterly,Dedicated-CSM,569.8,14,25,17,0,0,73359.0,0
FinTech,Growth,Monthly,Assisted,980.47,22,21,10,1,0,20224.0,0
EdTech,Growth,Monthly,Self-Serve,150.0,35,17,14,3,1,34091.0,0
HealthTech,Growth,Monthly,Self-Serve,1884.12,49,22,16,1,0,74049.0,0
E-Commerce,Startup,Annual,Self-Serve,774.88,27,19,18,1,1,11464.0,0
E-Commerce,Growth,Quarterly,Dedicated-CSM,3444.29,19,23,7,2,1,81711.0,0
E-Commerce,Growth,Quarterly,Assisted,1866.21,10,21,5,3,2,89129.0,1
Logistics,Enterprise,Monthly,Dedicated-CSM,3482.42,2,14,5,0,0,224801.0,1
Media,Growth,Multi-Year,Self-Serve,533.22,22,18,3,1,1,29354.0,0
HealthTech,Startup,Monthly,Self-Serve,3237.73,72,19,17,3,1,23153.0,0
Logistics,Growth,Quarterly,Dedicated-CSM,8022.28,24,21,9,1,0,60534.0,0
EdTech,Startup,Annual,Self-Serve,2564.54,1,13,8,6,2,2996.0,1
E-Commerce,Enterprise,Quarterly,Dedicated-CSM,2622.27,12,19,8,1,0,2028.0,0
Media,Growth,Multi-Year,Self-Serve,1547.13,17,24,9,1,1,20398.0,0
FinTech,Startup,Monthly,Self-Serve,857.51,21,27,8,1,0,65377.0,0
FinTech,Custom,Quarterly,Assisted,2558.08,22,17,7,4,0,6191.0,0
Logistics,Growth,Monthly,Dedicated-CSM,372.35,14,17,11,2,1,50468.0,0
HealthTech,Startup,Annual,Dedicated-CSM,939.09,4,20,19,3,1,15702.0,0
Logistics,Growth,Monthly,Self-Serve,297.26,51,13,8,3,1,52731.0,0
Logistics,Startup,Monthly,Self-Serve,736.49,21,16,10,2,1,30530.0,0
FinTech,Enterprise,Quarterly,Assisted,2311.7,4,20,4,1,0,6117.0,0
Logistics,Enterprise,Quarterly,Assisted,2058.19,7,17,14,1,0,14203.0,0
HealthTech,Custom,Monthly,Assisted,1398.67,45,25,5,6,3,12405.0,1
E-Commerce,Growth,Annual,Self-Serve,1548.19,39,25,23,8,2,8991.0,0
E-Commerce,Growth,Annual,Dedicated-CSM,269.62,9,17,10,5,2,31588.0,0
Media,Enterprise,Monthly,Assisted,975.86,1,16,5,0,0,154684.0,0
FinTech,Startup,Quarterly,Dedicated-CSM,750.58,1,25,14,1,1,53660.0,0
E-Commerce,Growth,Annual,Assisted,764.94,6,15,14,2,0,90395.0,0
EdTech,Growth,Quarterly,Assisted,2229.74,17,19,8,3,1,198377.0,0
EdTech,Startup,Monthly,Dedicated-CSM,644.56,15,27,11,3,1,38894.0,0
EdTech,Growth,Monthly,Assisted,801.13,18,16,4,1,1,13595.0,0
FinTech,Enterprise,Annual,Dedicated-CSM,227.24,22,24,16,2,1,131423.0,0
HealthTech,Enterprise,Multi-Year,Dedicated-CSM,1043.14,1,20,5,0,0,60030.0,0
HealthTech,Startup,Annual,Assisted,531.31,1,13,10,2,2,159638.0,0
Logistics,Startup,Monthly,Assisted,1432.71,8,20,18,3,1,52639.0,0
HealthTech,Startup,Quarterly,Self-Serve,596.79,3,20,18,2,1,74615.0,0
FinTech,Enterprise,Annual,Self-Serve,1463.9,1,21,6,2,1,110654.0,0
Media,Startup,Monthly,Self-Serve,1184.43,18,18,11,0,0,71200.0,0
FinTech,Enterprise,Multi-Year,Self-Serve,5548.24,30,17,4,4,4,41351.0,1
Media,Startup,Multi-Year,Self-Serve,2043.94,25,17,11,3,1,31925.0,0
EdTech,Growth,Monthly,Self-Serve,280.43,30,17,14,1,0,86687.0,0
Logistics,Growth,Multi-Year,Self-Serve,457.07,19,14,8,2,1,73917.0,0
HealthTech,Enterprise,Monthly,Assisted,1403.78,23,16,14,0,0,22819.0,0
FinTech,Startup,Annual,Self-Serve,607.67,5,14,11,4,2,34491.0,0
EdTech,Growth,Monthly,Self-Serve,150.0,72,21,8,3,1,50392.0,0
Logistics,Startup,Monthly,Assisted,4217.99,3,19,13,1,0,1439.0,1
EdTech,Enterprise,Annual,Assisted,2470.54,4,16,3,0,0,14222.0,0
FinTech,Enterprise,Annual,Assisted,2085.64,6,21,10,4,1,14398.0,0
EdTech,Startup,Monthly,Assisted,799.33,66,15,5,0,0,107378.0,0
EdTech,Enterprise,Quarterly,Dedicated-CSM,1926.63,72,16,15,2,1,20135.0,0
EdTech,Growth,Monthly,Assisted,736.05,28,19,9,1,0,39389.0,0
EdTech,Startup,Monthly,Assisted,1594.2,17,24,17,0,0,89067.0,0
Logistics,Growth,Monthly,Dedicated-CSM,612.47,13,35,27,3,0,15035.0,0
E-Commerce,Startup,Quarterly,Dedicated-CSM,4860.25,63,24,19,2,1,,0
FinTech,Enterprise,Monthly,Assisted,352.59,21,26,20,0,0,148173.0,0
E-Commerce,Enterprise,Monthly,Assisted,3817.84,52,18,7,2,0,60985.0,0
FinTech,Startup,Monthly,Self-Serve,1384.48,6,15,11,1,0,9743.0,1
HealthTech,Growth,Monthly,Assisted,883.55,7,20,12,6,1,85660.0,1
HealthTech,Enterprise,Quarterly,Dedicated-CSM,1543.72,34,19,12,0,0,77353.0,0
FinTech,Custom,Multi-Year,Assisted,2498.25,2,16,3,5,3,90867.0,1
HealthTech,Growth,Monthly,Dedicated-CSM,4280.11,52,20,8,1,1,16163.0,0
FinTech,Custom,Multi-Year,Assisted,1747.9,12,19,17,2,0,29763.0,0
Logistics,Growth,Annual,Dedicated-CSM,628.23,46,18,7,2,0,59155.0,0
Media,Growth,Annual,Assisted,1404.29,7,26,14,3,1,24770.0,0
FinTech,Enterprise,Annual,Self-Serve,6274.66,22,24,8,4,0,3627.0,0
Media,Growth,Annual,Assisted,4211.3,11,20,6,1,1,7335.0,0
E-Commerce,Growth,Monthly,Self-Serve,2899.95,17,17,6,2,0,45455.0,0
HealthTech,Growth,Quarterly,Self-Serve,2634.2,12,22,14,3,1,23514.0,1
FinTech,Enterprise,Annual,Dedicated-CSM,2427.29,61,22,20,1,0,270.0,0
E-Commerce,Enterprise,Quarterly,Self-Serve,3586.53,21,22,10,2,2,72805.0,0
EdTech,Growth,Annual,Assisted,908.56,5,14,6,3,2,26953.0,0
EdTech,Startup,Monthly,Self-Serve,423.34,43,19,12,2,0,18827.0,0
FinTech,Growth,Annual,Self-Serve,1420.34,6,18,8,3,1,62504.0,0
FinTech,Growth,Quarterly,Dedicated-CSM,668.51,8,22,20,1,0,30358.0,0
HealthTech,Startup,Monthly,Self-Serve,546.34,1,25,12,5,1,59344.0,1
HealthTech,Enterprise,Monthly,Assisted,726.15,41,21,12,4,3,664.0,0
FinTech,Growth,Annual,Assisted,11075.79,6,23,14,1,1,473.0,0
HealthTech,Startup,Annual,Assisted,1503.73,5,21,17,4,3,41038.0,0
Logistics,Startup,Quarterly,Dedicated-CSM,1821.88,45,16,10,3,2,201462.0,0
Media,Startup,Annual,Assisted,473.9,29,14,5,5,2,15897.0,0
HealthTech,Custom,Monthly,Assisted,279.45,2,22,6,3,1,57426.0,1
Media,Startup,Monthly,Dedicated-CSM,667.68,26,18,17,2,1,9453.0,1
HealthTech,Startup,Monthly,Self-Serve,4548.11,43,19,15,0,0,18666.0,0
E-Commerce,Growth,Monthly,Assisted,1779.58,1,23,5,5,1,4065.0,1
FinTech,Startup,Monthly,Dedicated-CSM,2227.88,31,21,18,0,0,106345.0,0
E-Commerce,Startup,Monthly,Assisted,2509.36,14,23,15,0,0,18585.0,0
Media,Startup,Annual,Dedicated-CSM,810.26,19,22,13,4,3,13099.0,0
E-Commerce,Growth,Annual,Assisted,4358.01,12,16,3,0,0,65579.0,0
HealthTech,Growth,Monthly,Dedicated-CSM,782.2,21,18,14,3,0,11122.0,0
E-Commerce,Growth,Monthly,Dedicated-CSM,4426.2,1,29,10,2,0,13740.0,1
FinTech,Growth,Monthly,Self-Serve,1950.73,25,18,14,3,2,5469.0,0
Logistics,Custom,Quarterly,Self-Serve,292.75,1,20,4,2,2,164669.0,1
E-Commerce,Growth,Monthly,Assisted,709.24,10,14,11,4,2,14227.0,0
HealthTech,Startup,Monthly,Assisted,293.77,2,20,4,1,0,272032.0,0
E-Commerce,Startup,Multi-Year,Self-Serve,3600.36,31,17,6,2,0,9688.0,0
E-Commerce,Growth,Annual,Self-Serve,1311.56,6,19,7,2,1,1043.0,0
FinTech,Enterprise,Monthly,Self-Serve,201.52,10,22,7,1,1,113021.0,1
EdTech,Startup,Monthly,Dedicated-CSM,1843.43,10,17,9,3,2,43377.0,1
FinTech,Enterprise,Monthly,Assisted,848.45,26,29,12,3,2,21648.0,0
EdTech,Startup,Annual,Assisted,379.47,11,20,19,0,0,36009.0,0
Logistics,Growth,Quarterly,Self-Serve,5576.25,28,25,16,1,1,15104.0,0
Logistics,Enterprise,Monthly,Self-Serve,1467.32,1,16,10,5,1,50360.0,1
E-Commerce,Startup,Annual,Self-Serve,1043.76,3,21,7,1,0,47917.0,0
E-Commerce,Growth,Monthly,Self-Serve,953.83,14,30,15,3,2,4180.0,0
FinTech,Startup,Monthly,Dedicated-CSM,370.08,52,20,5,1,0,120781.0,0
EdTech,Enterprise,Monthly,Dedicated-CSM,441.92,1,11,8,1,1,30858.0,0
HealthTech,Startup,Quarterly,Self-Serve,3992.53,1,17,7,1,1,10855.0,1
E-Commerce,Enterprise,Monthly,Self-Serve,895.34,3,16,12,0,0,18364.0,0
HealthTech,Startup,Monthly,Self-Serve,1364.79,18,18,8,4,1,100579.0,0
FinTech,Enterprise,Monthly,Assisted,235.64,9,21,20,2,0,24159.0,0
E-Commerce,Growth,Monthly,Self-Serve,436.86,31,23,7,0,0,41272.0,0
FinTech,Enterprise,Annual,Self-Serve,2249.22,1,18,3,3,0,147528.0,0
EdTech,Startup,Monthly,Self-Serve,1846.51,3,16,10,2,0,52737.0,0
HealthTech,Custom,Monthly,Assisted,5945.38,6,26,25,2,1,56307.0,1
FinTech,Startup,Annual,Assisted,4194.43,17,13,9,3,0,14289.0,0
E-Commerce,Startup,Annual,Assisted,1100.91,20,14,3,2,0,55175.0,0
FinTech,Growth,Annual,Self-Serve,2002.22,2,19,12,2,0,25027.0,0
HealthTech,Startup,Quarterly,Dedicated-CSM,1023.4,51,17,15,2,0,120980.0,0
EdTech,Startup,Monthly,Dedicated-CSM,7681.64,7,19,3,0,0,6937.0,0
FinTech,Custom,Annual,Self-Serve,3556.96,22,27,9,6,4,16818.0,1
Logistics,Custom,Annual,Self-Serve,1547.25,13,16,13,1,0,3414.0,0
FinTech,Growth,Monthly,Assisted,1588.17,4,25,22,2,2,23975.0,0
FinTech,Custom,Multi-Year,Self-Serve,4573.91,33,17,13,2,1,8030.0,0
EdTech,Growth,Monthly,Assisted,2192.16,30,17,16,3,1,93263.0,0
HealthTech,Startup,Multi-Year,Assisted,5038.35,9,17,4,3,2,129542.0,1
FinTech,Enterprise,Annual,Assisted,207.56,15,25,15,3,1,55346.0,0
HealthTech,Growth,Annual,Self-Serve,1982.36,5,18,13,2,0,5454.0,0
HealthTech,Custom,Multi-Year,Assisted,864.27,21,22,16,2,0,20899.0,0
Logistics,Startup,Annual,Dedicated-CSM,5960.57,6,18,15,2,1,166900.0,0
HealthTech,Growth,Monthly,Self-Serve,4986.25,33,18,16,5,1,7327.0,1
EdTech,Startup,Monthly,Assisted,1377.34,4,15,7,1,0,40652.0,1
Logistics,Startup,Monthly,Self-Serve,4940.82,1,19,4,1,0,21765.0,0
HealthTech,Startup,Monthly,Self-Serve,6097.58,5,13,6,1,0,354261.0,0
Media,Custom,Annual,Assisted,1426.88,3,19,14,1,1,16801.0,0
HealthTech,Enterprise,Monthly,Self-Serve,10950.54,12,22,8,0,0,2448.0,0
Media,Enterprise,Monthly,Self-Serve,1304.22,4,30,25,3,1,60564.0,0
FinTech,Growth,Quarterly,Self-Serve,1116.17,25,20,7,1,0,19781.0,0
EdTech,Startup,Annual,Assisted,2796.13,4,18,3,3,0,53586.0,0
E-Commerce,Startup,Monthly,Assisted,991.56,22,21,12,1,0,5527.0,0
HealthTech,Startup,Monthly,Self-Serve,1440.2,15,19,14,2,1,37019.0,0
E-Commerce,Growth,Monthly,Assisted,4438.27,72,13,6,5,2,23519.0,0
EdTech,Enterprise,Annual,Self-Serve,1361.49,72,21,16,0,0,38476.0,0
FinTech,Growth,Monthly,Assisted,317.11,36,19,10,5,0,96027.0,0
FinTech,Startup,Annual,Assisted,1830.27,25,13,4,1,1,180130.0,0
EdTech,Startup,Monthly,Assisted,741.11,8,27,7,0,0,69945.0,0
EdTech,Startup,Monthly,Dedicated-CSM,2794.7,25,25,19,2,1,72805.0,0
Media,Growth,Multi-Year,Dedicated-CSM,2420.58,56,20,10,1,0,37638.0,0
EdTech,Custom,Monthly,Self-Serve,4678.3,1,23,21,1,0,5124.0,0
Media,Growth,Monthly,Dedicated-CSM,2896.92,13,19,12,4,2,54990.0,1
EdTech,Enterprise,Monthly,Self-Serve,3383.64,4,19,9,3,2,7996.0,1
HealthTech,Growth,Quarterly,Dedicated-CSM,758.44,14,21,10,2,0,14096.0,0
FinTech,Growth,Quarterly,Self-Serve,2652.85,11,15,4,3,1,61479.0,0
EdTech,Startup,Monthly,Self-Serve,7137.97,15,24,16,2,1,53500.0,0
E-Commerce,Enterprise,Monthly,Self-Serve,745.94,14,15,9,2,2,18868.0,1
FinTech,Enterprise,Monthly,Self-Serve,6184.35,57,21,17,3,1,73930.0,0
HealthTech,Startup,Annual,Assisted,839.71,14,28,10,3,1,140104.0,0
Media,Growth,Annual,Dedicated-CSM,649.25,33,22,9,0,0,39401.0,0
E-Commerce,Growth,Quarterly,Assisted,1722.91,6,18,5,1,1,56612.0,0
HealthTech,Growth,Quarterly,Assisted,2461.49,10,16,6,5,1,15858.0,0
E-Commerce,Custom,Monthly,Assisted,2907.32,11,15,8,4,0,176691.0,0
FinTech,Growth,Monthly,Self-Serve,591.41,5,20,19,2,1,15990.0,0
HealthTech,Growth,Monthly,Self-Serve,1937.9,8,14,10,3,1,109200.0,0
HealthTech,Startup,Monthly,Self-Serve,747.91,16,16,13,0,0,131464.0,0
FinTech,Startup,Monthly,Self-Serve,377.82,15,16,7,5,2,63582.0,1
EdTech,Startup,Quarterly,Self-Serve,608.24,18,13,4,2,0,83456.0,0
HealthTech,Startup,Quarterly,Self-Serve,707.5,7,20,8,2,0,30611.0,0
Logistics,Enterprise,Multi-Year,Self-Serve,2086.73,6,30,12,5,2,126004.0,0
Logistics,Enterprise,Monthly,Self-Serve,3566.65,17,15,9,4,2,67865.0,1
FinTech,Startup,Annual,Dedicated-CSM,382.9,2,16,7,5,1,19781.0,0
EdTech,Enterprise,Annual,,1806.54,5,17,15,0,0,1779.0,0
E-Commerce,Startup,Quarterly,Assisted,492.65,1,22,21,0,0,38912.0,0
Logistics,Startup,Monthly,Assisted,2286.37,1,23,10,1,0,91833.0,0
FinTech,Startup,Monthly,Assisted,788.93,5,14,10,4,2,98545.0,0
EdTech,Growth,Monthly,Self-Serve,548.05,1,16,11,5,4,90126.0,1
E-Commerce,Startup,Monthly,,2643.12,5,20,7,10,4,12087.0,1
HealthTech,Growth,Annual,Self-Serve,813.31,19,24,22,3,1,27769.0,0
FinTech,Growth,Monthly,Self-Serve,1023.96,1,11,3,1,0,47573.0,0
EdTech,Custom,Monthly,Self-Serve,202.96,10,21,16,5,1,55064.0,0
EdTech,Startup,Annual,Assisted,2994.61,43,20,9,3,0,20367.0,0
HealthTech,Startup,Annual,Assisted,2691.28,28,18,8,2,0,58987.0,0
E-Commerce,Startup,Quarterly,Assisted,1345.66,6,29,16,1,0,44689.0,0
HealthTech,Growth,Annual,,365.61,46,11,9,3,2,41825.0,0
EdTech,Startup,Monthly,Self-Serve,3744.2,7,26,8,5,3,54387.0,1
FinTech,Enterprise,Monthly,Dedicated-CSM,760.27,1,25,6,1,0,46237.0,0
Logistics,Growth,Monthly,,911.1,72,15,7,3,0,9129.0,0
HealthTech,Growth,Quarterly,Assisted,9558.99,36,21,5,3,2,,1
HealthTech,Growth,Multi-Year,Assisted,736.5,11,21,15,4,0,13759.0,0
FinTech,Startup,Monthly,Assisted,2517.14,19,21,16,4,0,68224.0,0
FinTech,Startup,Quarterly,Self-Serve,2159.82,20,15,13,3,1,9707.0,0
E-Commerce,Startup,Monthly,Assisted,1866.18,3,25,19,2,1,54083.0,0
HealthTech,Growth,Quarterly,Self-Serve,1702.24,4,22,20,5,1,113016.0,0
Logistics,Startup,Monthly,Self-Serve,1844.44,11,18,14,2,0,488.0,0
FinTech,Startup,Monthly,Self-Serve,1687.75,43,22,20,1,0,194802.0,0
HealthTech,Custom,Annual,Self-Serve,1281.61,1,15,5,2,1,1506.0,0
HealthTech,Startup,Quarterly,Assisted,4839.62,27,17,10,0,0,572.0,0
FinTech,Enterprise,Quarterly,Dedicated-CSM,438.89,1,21,20,1,0,97442.0,0
FinTech,Enterprise,Monthly,Self-Serve,3191.48,11,9,6,2,1,61671.0,0
HealthTech,Startup,Monthly,Dedicated-CSM,2694.56,18,26,23,2,0,5592.0,0
E-Commerce,Startup,Monthly,Dedicated-CSM,2425.13,20,21,4,3,1,138561.0,1
HealthTech,Startup,Annual,Dedicated-CSM,3461.41,1,22,19,1,0,55727.0,0
E-Commerce,Growth,Multi-Year,Dedicated-CSM,1238.05,9,22,16,3,1,5885.0,0
E-Commerce,Growth,Monthly,Self-Serve,273.52,15,25,8,2,1,98504.0,1
FinTech,Enterprise,Monthly,Self-Serve,1259.6,1,18,3,1,1,32783.0,0
E-Commerce,Custom,Annual,Assisted,576.79,2,20,8,3,0,16296.0,0
Media,Growth,Monthly,Assisted,719.04,19,12,11,1,0,87160.0,0
E-Commerce,Startup,Quarterly,Dedicated-CSM,465.89,13,22,16,1,1,67056.0,0
EdTech,Startup,Monthly,Dedicated-CSM,892.71,3,13,12,1,1,48781.0,0
HealthTech,Enterprise,Annual,Assisted,806.63,13,16,8,1,1,114391.0,0
EdTech,Startup,Quarterly,Self-Serve,177.52,43,21,19,1,1,98765.0,0
EdTech,Startup,Annual,Self-Serve,2428.89,1,21,11,2,1,12860.0,0
E-Commerce,Enterprise,Annual,Self-Serve,8842.05,18,17,6,0,0,105469.0,0
Media,Growth,Monthly,Assisted,2242.4,1,16,5,2,1,23423.0,1
FinTech,Custom,Annual,Assisted,1127.23,1,15,14,5,2,28262.0,0
FinTech,Growth,Annual,Dedicated-CSM,1278.53,2,19,8,4,2,179375.0,0
EdTech,Startup,Monthly,Assisted,936.51,9,20,6,2,1,71330.0,1
Logistics,Custom,Monthly,Dedicated-CSM,1445.97,29,24,4,2,1,19393.0,1
FinTech,Startup,Monthly,Assisted,1297.95,5,24,10,5,2,52196.0,1
HealthTech,Startup,Quarterly,Dedicated-CSM,655.31,17,22,20,1,0,38753.0,0
FinTech,Growth,Monthly,Self-Serve,5599.63,9,27,16,2,0,6199.0,1
HealthTech,Startup,Quarterly,Dedicated-CSM,378.39,4,21,14,1,1,109352.0,0
EdTech,Growth,Monthly,Assisted,2466.57,12,18,16,0,0,,0
E-Commerce,Startup,Annual,Self-Serve,1229.03,28,23,14,3,1,75189.0,0
HealthTech,Growth,Monthly,Self-Serve,6739.27,32,25,21,3,0,,0
HealthTech,Growth,Monthly,Dedicated-CSM,1789.58,33,25,11,2,0,12477.0,0
FinTech,Enterprise,Quarterly,Self-Serve,986.42,7,23,22,1,0,107663.0,0
HealthTech,Enterprise,Quarterly,Assisted,1085.12,28,25,6,2,0,21768.0,0
E-Commerce,Startup,Monthly,Self-Serve,1385.64,4,24,18,4,1,1016.0,1
Media,Growth,Monthly,Assisted,507.06,24,21,15,3,0,200246.0,0
Logistics,Growth,Monthly,Dedicated-CSM,697.96,53,21,7,2,0,98721.0,0
FinTech,Startup,Annual,Self-Serve,293.77,1,16,8,2,1,,0
Logistics,Enterprise,Annual,Assisted,611.23,10,14,6,3,3,624.0,1
EdTech,Enterprise,Quarterly,Dedicated-CSM,1450.73,18,26,7,4,1,12920.0,0
EdTech,Startup,Annual,Assisted,1728.74,21,25,16,4,1,30079.0,0
E-Commerce,Growth,Annual,Dedicated-CSM,249.03,3,20,19,2,2,49454.0,0
HealthTech,Startup,Monthly,Assisted,1191.98,64,19,12,2,2,61577.0,0
HealthTech,Growth,Multi-Year,Self-Serve,2162.24,17,16,10,5,1,77623.0,0
FinTech,Startup,Annual,Assisted,1166.22,3,12,2,2,0,40558.0,0
FinTech,Custom,Monthly,Assisted,781.55,1,24,7,0,0,53382.0,0
FinTech,Enterprise,Monthly,Self-Serve,943.56,27,20,12,5,1,83365.0,0
E-Commerce,Growth,Monthly,Self-Serve,845.86,1,31,30,2,1,63620.0,1
EdTech,Growth,Monthly,Self-Serve,779.6,2,20,18,3,1,154847.0,0
E-Commerce,Custom,Annual,Assisted,1552.7,15,19,8,3,2,103831.0,0
FinTech,Growth,Quarterly,Dedicated-CSM,9523.66,16,22,13,1,0,9278.0,1
Media,Startup,Annual,Self-Serve,711.84,20,20,12,4,2,147270.0,0
Media,Growth,Annual,Assisted,1022.06,9,19,14,5,1,11419.0,0
EdTech,Enterprise,Annual,Dedicated-CSM,1281.85,26,17,12,1,0,237014.0,0
Media,Growth,Annual,Self-Serve,746.76,65,14,11,3,1,60421.0,0
E-Commerce,Growth,Monthly,Assisted,3406.7,5,20,4,2,1,49380.0,0
Media,Enterprise,Monthly,Dedicated-CSM,178.53,21,17,16,3,0,19602.0,0
FinTech,Enterprise,Annual,Dedicated-CSM,852.86,47,25,6,2,0,7142.0,0
HealthTech,Custom,Monthly,Self-Serve,2685.35,20,16,9,6,1,6744.0,0
FinTech,Startup,Monthly,Self-Serve,1043.17,20,24,22,2,1,100711.0,0
FinTech,Growth,Annual,Self-Serve,666.66,4,25,14,1,0,28321.0,0
FinTech,Enterprise,Annual,Assisted,1948.17,13,23,5,1,0,41032.0,0
E-Commerce,Enterprise,Monthly,Assisted,2893.99,14,22,8,3,0,134292.0,0
EdTech,Growth,Annual,Assisted,1602.05,21,9,5,2,0,14742.0,0
E-Commerce,Startup,Annual,Self-Serve,677.87,72,14,3,5,2,72183.0,0
FinTech,Enterprise,Monthly,Self-Serve,1973.91,1,17,9,6,2,31788.0,1
Logistics,Enterprise,Monthly,Assisted,951.71,1,20,9,1,0,11961.0,0
E-Commerce,Startup,Multi-Year,Assisted,2523.52,1,23,19,2,1,95857.0,0
HealthTech,Growth,Monthly,Assisted,4725.7,24,18,5,3,2,56964.0,0
EdTech,Startup,Monthly,Assisted,150.0,2,24,17,2,0,4987.0,0
HealthTech,Startup,Quarterly,Self-Serve,1472.04,17,14,7,1,0,39018.0,0
HealthTech,Startup,Annual,Self-Serve,306.32,7,18,12,1,0,95447.0,0
Media,Growth,Monthly,Self-Serve,10673.51,11,22,8,4,3,3464.0,1
HealthTech,Growth,Monthly,Self-Serve,899.73,4,15,10,2,0,26916.0,0
E-Commerce,Growth,Monthly,Self-Serve,2526.06,36,18,13,2,1,81793.0,0
Logistics,Growth,Multi-Year,Self-Serve,1299.82,15,15,3,2,2,97722.0,0
EdTech,Enterprise,Monthly,Self-Serve,676.8,52,22,18,0,0,74663.0,0
FinTech,Startup,Quarterly,Self-Serve,611.71,15,15,13,1,0,18243.0,0
FinTech,Startup,Multi-Year,Assisted,5155.54,2,21,5,3,1,,0
FinTech,Enterprise,Monthly,Self-Serve,3018.6,3,16,10,2,0,67600.0,0
E-Commerce,Startup,Multi-Year,Assisted,6988.68,72,16,10,2,0,8278.0,0
HealthTech,Custom,Multi-Year,Assisted,1404.08,23,20,4,1,0,45193.0,0
FinTech,Enterprise,Annual,Assisted,1710.83,1,24,11,1,0,63715.0,0
Media,Growth,Monthly,Dedicated-CSM,1067.3,21,27,26,2,0,94853.0,0
E-Commerce,Custom,Annual,Self-Serve,1049.41,9,18,11,2,1,5921.0,0
FinTech,Startup,Annual,Assisted,552.47,6,17,16,3,2,20000.0,0
E-Commerce,Startup,Multi-Year,Dedicated-CSM,1438.58,3,21,15,0,0,39007.0,0
EdTech,Growth,Monthly,Dedicated-CSM,684.81,32,27,6,1,0,,0
FinTech,Growth,Annual,Self-Serve,1950.07,1,17,4,1,1,65473.0,0
HealthTech,Custom,Monthly,Self-Serve,1547.67,6,21,16,2,1,14602.0,0
Logistics,Startup,Monthly,Self-Serve,1710.48,6,22,14,6,3,699.0,1
E-Commerce,Growth,Monthly,Assisted,5562.82,3,18,5,3,1,59179.0,0
E-Commerce,Growth,Annual,Assisted,1297.17,12,21,14,2,2,119914.0,0
HealthTech,Growth,Quarterly,Self-Serve,2548.39,1,21,17,3,0,79855.0,0
FinTech,Startup,Quarterly,Assisted,7660.12,6,18,14,3,0,48705.0,1
FinTech,Growth,Multi-Year,Assisted,4066.85,48,22,8,1,0,189869.0,0
HealthTech,Enterprise,Monthly,Assisted,3569.55,6,22,8,2,1,28380.0,0
FinTech,Startup,Annual,Dedicated-CSM,1032.06,8,19,18,1,1,37227.0,0
FinTech,Enterprise,Monthly,Assisted,1628.14,11,24,21,1,1,618.0,0
Logistics,Growth,Monthly,Self-Serve,436.8,14,27,12,1,1,145894.0,0
Media,Enterprise,Annual,Assisted,2046.89,29,21,18,2,0,43775.0,0
EdTech,Enterprise,Multi-Year,Self-Serve,1691.36,3,23,7,2,1,24780.0,0
Logistics,Startup,Quarterly,Assisted,1366.32,36,25,8,3,1,2279.0,0
FinTech,Growth,Annual,Dedicated-CSM,3207.08,25,17,5,1,1,22504.0,0
Media,Enterprise,Monthly,Dedicated-CSM,479.81,23,17,4,0,0,180.0,0
FinTech,Growth,Monthly,Assisted,5375.64,1,18,15,3,0,19603.0,0
Media,Custom,Quarterly,Self-Serve,2882.75,1,16,10,4,2,151263.0,1
Media,Growth,Monthly,Self-Serve,1261.38,16,18,7,2,1,8378.0,0
EdTech,Startup,Monthly,Assisted,1180.37,35,13,11,1,1,39418.0,0
Media,Growth,Quarterly,Self-Serve,2015.29,15,24,20,0,0,10328.0,0
E-Commerce,Custom,Monthly,Assisted,4879.14,4,15,4,1,1,76480.0,1
HealthTech,Startup,Monthly,Self-Serve,1460.26,1,22,15,4,2,41322.0,1
HealthTech,Enterprise,Quarterly,Self-Serve,1513.87,21,17,13,4,2,11297.0,0
E-Commerce,Enterprise,Quarterly,Self-Serve,1360.22,23,20,15,5,2,100586.0,0
FinTech,Growth,Multi-Year,Dedicated-CSM,6091.93,3,17,13,0,0,76629.0,0
E-Commerce,Startup,Annual,Assisted,978.92,1,16,5,1,0,151105.0,0
Media,Enterprise,Monthly,Self-Serve,1306.25,9,22,9,1,0,100.0,0
FinTech,Startup,Multi-Year,Self-Serve,4646.74,15,27,23,2,1,30543.0,0
EdTech,Enterprise,Annual,Assisted,1517.71,22,16,14,0,0,437425.0,0
Media,Growth,Monthly,Self-Serve,3521.0,29,21,8,4,0,83350.0,0
Media,Growth,Monthly,Assisted,617.34,16,18,3,3,0,88978.0,0
Media,Enterprise,Annual,Dedicated-CSM,1124.96,2,17,15,2,1,48528.0,0
E-Commerce,Growth,Quarterly,Assisted,4730.42,20,22,11,2,0,62396.0,0
Media,Growth,Annual,Assisted,753.79,72,19,8,0,0,81822.0,0
EdTech,Growth,Annual,Assisted,1177.79,42,17,8,4,3,4841.0,0
FinTech,Growth,Annual,Dedicated-CSM,1666.0,36,17,9,1,0,58977.0,0
E-Commerce,Growth,Multi-Year,Dedicated-CSM,577.79,6,21,10,2,0,84480.0,0
EdTech,Enterprise,Quarterly,Assisted,942.24,25,19,12,4,1,2086.0,0
FinTech,Growth,Monthly,Self-Serve,1474.01,34,26,6,2,1,17624.0,0
E-Commerce,Growth,Annual,Assisted,1393.65,20,21,20,0,0,19579.0,0
EdTech,Growth,Monthly,Self-Serve,3977.06,5,23,21,0,0,96407.0,0
FinTech,Startup,Annual,Assisted,4965.35,55,20,18,1,1,75786.0,0
E-Commerce,Startup,Multi-Year,Assisted,646.99,10,19,17,1,0,53417.0,0
EdTech,Custom,Annual,Self-Serve,1472.3,2,19,13,2,0,81667.0,0
E-Commerce,Enterprise,Quarterly,Self-Serve,2375.85,2,24,9,3,1,30205.0,0
FinTech,Growth,Quarterly,Assisted,4860.49,18,27,6,2,0,103924.0,0
FinTech,Growth,Monthly,Dedicated-CSM,2466.9,10,26,7,1,1,13343.0,1
HealthTech,Startup,Monthly,Assisted,1715.19,1,19,8,2,0,60967.0,0
Media,Growth,Annual,Assisted,2360.34,24,22,13,5,2,13837.0,0
FinTech,Growth,Annual,Self-Serve,2374.88,28,22,21,1,1,2034.0,0
E-Commerce,Growth,Annual,Assisted,608.77,23,17,9,2,1,16714.0,0
FinTech,Growth,Monthly,Assisted,1577.95,4,16,9,1,0,33953.0,0
HealthTech,Startup,Quarterly,Assisted,4629.88,21,19,14,2,1,92715.0,1
Logistics,Startup,Annual,Self-Serve,1122.99,1,20,6,2,0,35551.0,0
EdTech,Custom,Quarterly,Assisted,1495.22,6,23,21,4,2,9871.0,0
FinTech,Growth,Quarterly,Self-Serve,1089.92,9,18,11,0,0,246448.0,0
HealthTech,Growth,Annual,Self-Serve,187.4,32,18,7,7,1,15741.0,0
FinTech,Startup,Annual,Dedicated-CSM,1363.08,8,18,17,4,2,210977.0,0
E-Commerce,Startup,Monthly,Self-Serve,1731.12,1,17,11,1,0,137706.0,1
EdTech,Enterprise,Annual,Self-Serve,866.43,7,11,6,2,0,39093.0,0
FinTech,Growth,Monthly,Assisted,501.98,12,19,12,1,0,4824.0,0
HealthTech,Growth,Multi-Year,Dedicated-CSM,633.64,53,21,16,3,0,59440.0,0
HealthTech,Startup,Monthly,Assisted,2564.6,50,23,7,2,2,93449.0,1
Media,Enterprise,Monthly,Assisted,7162.73,3,20,17,3,1,29466.0,0
Media,Startup,Annual,Dedicated-CSM,4337.56,3,28,27,2,1,13659.0,0
FinTech,Startup,Monthly,Self-Serve,427.22,3,15,9,1,1,81183.0,0
EdTech,Growth,Annual,,2769.53,27,21,15,2,0,39381.0,0
HealthTech,Startup,Annual,Self-Serve,762.28,1,23,20,4,1,11009.0,0
HealthTech,Startup,Annual,Dedicated-CSM,816.54,2,20,9,6,1,149327.0,0
EdTech,Growth,Multi-Year,Self-Serve,904.44,13,20,19,3,2,147920.0,0
Media,Growth,Monthly,Self-Serve,2440.98,5,13,9,2,1,22868.0,0
Media,Enterprise,Annual,Assisted,3027.12,1,23,12,2,0,3307.0,0
E-Commerce,Growth,Monthly,Assisted,1232.34,8,20,14,6,2,49819.0,0
HealthTech,Startup,Monthly,Assisted,1250.24,5,21,12,1,1,19080.0,0
EdTech,Startup,Annual,Assisted,1987.48,12,21,6,2,1,3433.0,0
HealthTech,Custom,Monthly,Self-Serve,2170.68,69,19,15,3,1,111192.0,0
E-Commerce,Growth,Quarterly,Assisted,3640.19,2,21,13,0,0,313726.0,0
HealthTech,Enterprise,Quarterly,Assisted,449.57,8,26,21,4,2,21570.0,0
EdTech,Startup,Annual,Dedicated-CSM,1362.43,48,14,4,2,2,68275.0,0
FinTech,Growth,Multi-Year,Self-Serve,540.33,37,23,14,3,2,3402.0,0
FinTech,Startup,Monthly,Dedicated-CSM,1282.67,9,18,14,4,3,23078.0,1
Media,Growth,Quarterly,Assisted,1105.17,21,22,21,2,1,5757.0,0
FinTech,Custom,Annual,Self-Serve,1287.25,1,12,10,2,0,2847.0,0
E-Commerce,Custom,Quarterly,Assisted,678.73,22,21,18,3,0,44433.0,0
FinTech,Growth,Monthly,Self-Serve,378.34,64,19,7,3,2,80982.0,0
FinTech,Growth,Quarterly,Dedicated-CSM,225.82,13,16,13,1,0,,0
FinTech,Custom,Monthly,Dedicated-CSM,1198.11,12,13,4,2,1,37136.0,0
FinTech,Growth,Monthly,Self-Serve,928.57,3,23,8,1,1,15786.0,1
Logistics,Startup,Annual,Self-Serve,754.05,18,16,4,2,0,66664.0,0
HealthTech,Growth,Quarterly,Self-Serve,4122.3,16,16,14,2,0,22398.0,0
Media,Startup,Multi-Year,Self-Serve,645.15,18,18,5,2,0,3494.0,0
E-Commerce,Growth,Annual,Self-Serve,4466.27,1,20,6,5,0,9047.0,0
HealthTech,Growth,Annual,Self-Serve,5325.53,14,20,7,1,1,6875.0,0
E-Commerce,Growth,Monthly,Assisted,255.12,16,18,11,2,0,28624.0,0
E-Commerce,Growth,Monthly,Self-Serve,1448.85,4,12,10,0,0,3372.0,0
EdTech,Startup,Monthly,Dedicated-CSM,953.61,4,22,11,2,0,82120.0,0
HealthTech,Growth,Multi-Year,Dedicated-CSM,150.0,5,21,13,1,1,119301.0,0
HealthTech,Enterprise,Monthly,Assisted,392.31,22,16,5,4,0,14277.0,0
Logistics,Growth,Monthly,Dedicated-CSM,2588.14,16,24,9,3,1,33229.0,0
Media,Startup,Quarterly,,7452.61,33,16,4,2,0,36601.0,0
Logistics,Custom,Monthly,Self-Serve,2884.99,6,23,12,1,0,209989.0,0
HealthTech,Custom,Monthly,Assisted,1763.56,43,26,17,0,0,,0
EdTech,Startup,Quarterly,Assisted,1315.36,24,18,7,3,2,55113.0,1
E-Commerce,Startup,Monthly,Assisted,5598.55,9,23,20,2,0,21214.0,0
E-Commerce,Enterprise,Monthly,Dedicated-CSM,8316.55,1,20,19,4,1,34838.0,1
FinTech,Enterprise,Monthly,Dedicated-CSM,813.37,5,20,5,2,1,12233.0,1
E-Commerce,Custom,Annual,Assisted,244.69,56,21,4,4,2,8732.0,0
FinTech,Enterprise,Quarterly,Assisted,225.1,6,19,15,4,1,13957.0,0
HealthTech,Growth,Monthly,Self-Serve,4119.96,7,24,8,2,0,3696.0,0
Logistics,Growth,Quarterly,Self-Serve,1286.91,3,13,6,2,0,16293.0,0
FinTech,Startup,Monthly,Assisted,1565.18,29,18,9,2,0,58616.0,0
FinTech,Startup,Multi-Year,Assisted,292.35,5,22,20,1,0,52703.0,0
FinTech,Growth,Monthly,Assisted,706.12,7,15,10,4,1,40427.0,0
Media,Growth,Annual,Self-Serve,1041.94,9,22,5,1,0,100.0,0
E-Commerce,Growth,Annual,Assisted,1598.25,10,24,5,2,1,6721.0,0
HealthTech,Enterprise,Annual,Self-Serve,954.51,9,21,7,1,0,92534.0,0
Logistics,Startup,Monthly,Assisted,554.61,12,17,7,4,1,15855.0,0
Logistics,Growth,Monthly,Self-Serve,687.54,30,19,11,3,0,121634.0,0
HealthTech,Startup,Annual,Self-Serve,3740.87,30,19,16,1,0,103791.0,0
EdTech,Growth,Monthly,Self-Serve,1649.24,28,18,8,1,0,8417.0,0
EdTech,Enterprise,Annual,Self-Serve,2253.71,1,18,9,6,1,114214.0,0
EdTech,Growth,Annual,Dedicated-CSM,623.88,28,21,9,3,2,49421.0,0
FinTech,Custom,Annual,Self-Serve,150.0,2,24,4,1,0,49751.0,0
Logistics,Startup,Monthly,Self-Serve,858.65,2,20,19,1,1,95757.0,0
E-Commerce,Growth,Annual,Assisted,641.25,53,21,6,0,0,25964.0,0
HealthTech,Startup,Annual,Assisted,1802.01,30,14,6,2,1,66451.0,0
HealthTech,Growth,Annual,Self-Serve,20000.0,14,18,5,2,1,55096.0,1
FinTech,Enterprise,Monthly,Self-Serve,2418.47,37,25,14,3,0,73814.0,0
FinTech,Growth,Monthly,Dedicated-CSM,13705.69,72,14,13,4,0,53968.0,0
EdTech,Enterprise,Monthly,Assisted,2172.11,16,27,7,0,0,,0
FinTech,Startup,Monthly,Self-Serve,784.15,17,18,9,3,1,17316.0,0
HealthTech,Enterprise,Quarterly,Assisted,1800.34,25,19,4,3,1,140605.0,0
E-Commerce,Startup,Multi-Year,Self-Serve,6084.76,4,15,12,5,2,12643.0,0
FinTech,Enterprise,Monthly,Self-Serve,6343.13,3,30,21,3,0,31958.0,0
Media,Startup,Annual,Assisted,821.36,25,15,11,1,1,22075.0,0
FinTech,Startup,Monthly,Dedicated-CSM,1661.05,7,26,15,1,0,4513.0,0
HealthTech,Growth,Monthly,Self-Serve,397.47,2,26,24,0,0,9995.0,0
HealthTech,Custom,Monthly,Dedicated-CSM,2699.9,6,21,11,2,2,16890.0,1
FinTech,Startup,Monthly,Self-Serve,5015.82,7,19,11,2,0,31118.0,0
FinTech,Growth,Multi-Year,Self-Serve,1385.52,60,18,13,2,2,103782.0,0
EdTech,Enterprise,Monthly,Self-Serve,759.55,21,15,9,1,0,36244.0,0
Media,Growth,Annual,Self-Serve,1819.13,13,17,5,3,0,52764.0,0
FinTech,Startup,Quarterly,Dedicated-CSM,1909.96,62,23,10,3,0,27752.0,0
EdTech,Growth,Multi-Year,Assisted,1435.07,42,14,3,1,0,102035.0,0
EdTech,Growth,Monthly,Self-Serve,1559.17,12,25,13,4,1,54327.0,0
Logistics,Custom,Monthly,Dedicated-CSM,1155.46,42,17,11,3,0,4750.0,0
HealthTech,Enterprise,Monthly,Dedicated-CSM,3123.04,9,16,4,4,0,32457.0,0
HealthTech,Growth,Monthly,Assisted,2504.37,4,30,21,4,0,87791.0,0
HealthTech,Custom,Monthly,Dedicated-CSM,580.77,4,25,22,2,0,66148.0,0
EdTech,Growth,Annual,Self-Serve,567.36,19,25,11,3,2,117858.0,0
Logistics,Startup,Annual,Dedicated-CSM,1078.99,12,18,6,4,1,12917.0,0
FinTech,Startup,Annual,Assisted,2505.67,19,26,23,5,2,188989.0,0
HealthTech,Growth,Quarterly,Dedicated-CSM,1519.06,20,25,18,2,0,16779.0,0
Media,Startup,Monthly,Assisted,775.36,1,15,4,2,0,2574.0,0
Logistics,Custom,Monthly,Self-Serve,1672.86,1,20,10,1,0,34226.0,0
Media,Enterprise,Multi-Year,Assisted,1011.12,13,26,19,2,1,5846.0,0
EdTech,Startup,Annual,Self-Serve,2831.08,3,19,12,2,2,57177.0,0
HealthTech,Growth,Annual,Self-Serve,1777.74,18,13,9,3,1,115408.0,0
E-Commerce,Enterprise,Annual,Self-Serve,1024.55,14,23,15,3,1,127133.0,0
EdTech,Custom,Monthly,Dedicated-CSM,1630.74,15,17,14,3,0,46702.0,0
FinTech,Enterprise,Monthly,Self-Serve,4096.1,6,13,5,2,1,38314.0,1
E-Commerce,Growth,Monthly,Assisted,825.36,18,18,13,1,0,255728.0,0
EdTech,Enterprise,Monthly,Self-Serve,1886.08,31,18,17,0,0,43307.0,0
FinTech,Growth,Monthly,Dedicated-CSM,1261.57,72,21,10,1,0,131180.0,0
EdTech,Growth,Quarterly,Self-Serve,1925.49,32,16,13,2,1,124202.0,0
E-Commerce,Startup,Annual,Assisted,767.87,14,14,5,2,1,17090.0,0
Media,Startup,Annual,Dedicated-CSM,1471.13,3,21,8,2,1,692.0,0
FinTech,Growth,Annual,Assisted,3434.58,20,20,18,4,1,28917.0,1
HealthTech,Startup,Multi-Year,Self-Serve,603.98,49,10,2,3,1,98797.0,0
E-Commerce,Startup,Monthly,Assisted,432.68,4,20,7,2,0,90435.0,0
HealthTech,Enterprise,Monthly,Dedicated-CSM,446.87,5,22,12,1,0,46275.0,0
EdTech,Startup,Annual,Assisted,495.19,2,22,11,0,0,8519.0,0
EdTech,Growth,Monthly,Self-Serve,2221.69,24,19,13,2,1,5691.0,0
FinTech,Growth,Monthly,Dedicated-CSM,405.46,9,18,6,1,1,154703.0,1
E-Commerce,Custom,Monthly,Self-Serve,1039.81,1,26,6,3,1,27357.0,1
E-Commerce,Growth,Monthly,Assisted,2265.49,37,17,8,0,0,52229.0,0
HealthTech,Startup,Quarterly,Dedicated-CSM,1908.67,14,22,13,2,2,118151.0,0
Media,Growth,Monthly,Self-Serve,965.14,7,15,9,1,0,101970.0,0
Logistics,Enterprise,Quarterly,Assisted,1575.43,7,14,9,2,1,41840.0,0
EdTech,Custom,Annual,Assisted,1467.14,6,17,10,3,1,33462.0,0
EdTech,Growth,Monthly,Dedicated-CSM,1106.98,10,19,7,1,1,66450.0,0
E-Commerce,Startup,Monthly,Self-Serve,1119.67,7,19,15,3,1,21512.0,0
Media,Custom,Monthly,Assisted,8956.31,14,17,4,4,2,49094.0,1
EdTech,Startup,Monthly,Dedicated-CSM,2664.88,26,14,5,2,0,1171.0,0
EdTech,Growth,Annual,Self-Serve,11031.98,20,11,8,1,1,86952.0,0
Logistics,Growth,Annual,Self-Serve,877.94,6,16,6,3,0,311544.0,0
HealthTech,Startup,Annual,Dedicated-CSM,1246.11,13,19,11,4,2,154730.0,0
Logistics,Startup,Monthly,Self-Serve,431.68,33,20,9,1,0,22306.0,0
FinTech,Startup,Quarterly,Dedicated-CSM,673.08,1,21,12,0,0,37868.0,0
HealthTech,Growth,Quarterly,Self-Serve,6745.47,1,20,9,2,0,13474.0,1
HealthTech,Custom,Quarterly,Self-Serve,859.43,14,20,19,1,0,18048.0,0
Media,Startup,Quarterly,Assisted,6845.79,18,20,9,0,0,30564.0,0
Logistics,Enterprise,Quarterly,Assisted,465.51,4,23,16,1,1,68734.0,0
EdTech,Startup,Quarterly,Assisted,547.06,24,22,20,4,2,902.0,0
EdTech,Growth,Annual,Assisted,1002.2,18,18,12,1,1,25025.0,0
E-Commerce,Startup,Monthly,Dedicated-CSM,1268.78,46,8,5,2,0,40653.0,0
Media,Custom,Annual,Self-Serve,2935.47,3,16,10,2,0,,0
E-Commerce,Enterprise,Monthly,Assisted,1964.82,25,26,15,4,1,4086.0,0
HealthTech,Growth,Monthly,Self-Serve,940.24,1,16,13,2,0,38780.0,0
FinTech,Enterprise,Multi-Year,Assisted,1195.93,14,9,2,3,1,50779.0,0
EdTech,Growth,Multi-Year,Self-Serve,1021.26,14,24,21,2,1,51222.0,0
EdTech,Custom,Monthly,Self-Serve,615.57,8,20,13,0,0,22048.0,0
HealthTech,Enterprise,Monthly,Assisted,629.69,33,20,17,2,0,13549.0,0
FinTech,Custom,Monthly,Self-Serve,3208.96,1,14,2,0,0,12448.0,1
Logistics,Growth,Quarterly,Self-Serve,283.17,13,17,15,2,0,2068.0,0
FinTech,Startup,Annual,Assisted,5296.25,4,22,6,2,0,10209.0,0
EdTech,Growth,Multi-Year,Assisted,1000.7,24,17,13,2,0,85354.0,0
Media,Startup,Annual,Dedicated-CSM,694.62,1,26,13,4,3,153.0,0
HealthTech,Growth,Monthly,Assisted,2511.9,32,15,11,0,0,2244.0,0
FinTech,Growth,Annual,Self-Serve,4733.57,32,25,17,0,0,6792.0,0
EdTech,Growth,Monthly,Assisted,3463.34,32,22,7,0,0,27257.0,0
Logistics,Startup,Multi-Year,Self-Serve,2052.01,2,19,11,2,0,20304.0,0
E-Commerce,Startup,Annual,Assisted,3373.93,17,21,8,2,0,9791.0,0
Media,Growth,Quarterly,Dedicated-CSM,311.37,1,18,11,2,1,5880.0,0
FinTech,Custom,Monthly,Assisted,859.58,33,18,14,1,1,139732.0,0
E-Commerce,Growth,Monthly,Assisted,617.39,23,18,4,2,0,121097.0,0
EdTech,Growth,Monthly,Self-Serve,3793.12,13,16,9,2,0,73898.0,0
Logistics,Enterprise,Annual,Assisted,966.85,23,25,17,4,1,14519.0,0
FinTech,Growth,Quarterly,Dedicated-CSM,2747.91,1,20,8,1,0,19556.0,0
Logistics,Startup,Monthly,Self-Serve,2112.19,13,21,20,3,2,54808.0,0
E-Commerce,Growth,Quarterly,Self-Serve,643.58,6,22,13,4,1,17244.0,0
HealthTech,Startup,Annual,Assisted,813.29,64,18,6,2,0,37817.0,0
FinTech,Custom,Monthly,Assisted,4022.85,35,22,6,1,1,52675.0,1
Logistics,Startup,Annual,Self-Serve,692.87,23,21,13,1,0,36615.0,0
FinTech,Growth,Annual,Dedicated-CSM,1489.41,48,16,8,3,1,26661.0,0
HealthTech,Startup,Multi-Year,Self-Serve,688.72,7,26,9,1,1,21377.0,0
HealthTech,Startup,Monthly,Self-Serve,1025.71,41,22,4,1,0,75198.0,0
Logistics,Enterprise,Monthly,Assisted,1287.89,7,18,11,2,0,67162.0,0
EdTech,Startup,Monthly,Self-Serve,688.53,23,23,15,1,0,59574.0,0
EdTech,Startup,Monthly,Assisted,592.07,24,15,4,1,1,23474.0,0
HealthTech,Growth,Monthly,Self-Serve,1708.43,1,25,17,1,1,74747.0,1
E-Commerce,Startup,Annual,Self-Serve,653.26,8,18,17,3,0,158153.0,0
E-Commerce,Startup,Quarterly,Self-Serve,672.46,1,12,11,1,0,58395.0,0
Logistics,Enterprise,Annual,Dedicated-CSM,602.93,72,14,12,3,1,26204.0,0
Media,Enterprise,Monthly,Assisted,1253.6,2,13,10,2,0,79600.0,0
FinTech,Custom,Annual,Assisted,2987.36,14,21,7,4,1,46991.0,0
EdTech,Enterprise,Annual,Self-Serve,4820.1,28,23,7,2,1,105055.0,0
FinTech,Growth,Annual,Assisted,722.68,4,16,8,4,1,62445.0,0
E-Commerce,Startup,Annual,Assisted,8331.21,11,16,11,1,1,73466.0,0
HealthTech,Enterprise,Annual,Dedicated-CSM,570.21,16,22,19,3,1,55046.0,0
HealthTech,Enterprise,Multi-Year,Assisted,3364.44,3,17,6,2,0,4827.0,0
HealthTech,Enterprise,Monthly,Assisted,725.28,27,13,7,5,3,33191.0,1
E-Commerce,Growth,Quarterly,Self-Serve,638.88,6,13,9,1,0,2907.0,0
HealthTech,Startup,Monthly,Assisted,711.2,4,27,15,1,1,29670.0,0
EdTech,Enterprise,Monthly,Assisted,1281.03,14,22,12,5,1,63014.0,0
HealthTech,Enterprise,Monthly,Dedicated-CSM,2192.89,9,18,6,3,1,27345.0,0
FinTech,Custom,Monthly,Self-Serve,2367.02,45,16,15,2,1,100.0,0
EdTech,Startup,Monthly,Self-Serve,600.41,38,22,12,1,0,23045.0,0
HealthTech,Startup,Monthly,Assisted,577.55,11,21,13,2,0,3508.0,0
HealthTech,Startup,Monthly,Self-Serve,614.53,8,18,6,2,1,75842.0,0
EdTech,Enterprise,Multi-Year,Self-Serve,1218.47,7,20,12,4,2,76566.0,0
HealthTech,Startup,Monthly,Dedicated-CSM,1120.32,5,16,6,3,1,82093.0,0
FinTech,Startup,Annual,Assisted,597.26,14,17,6,0,0,1540.0,0
HealthTech,Custom,Monthly,Dedicated-CSM,1684.4,29,13,5,0,0,1640.0,0
Media,Startup,Multi-Year,Dedicated-CSM,9165.33,6,19,3,0,0,116884.0,1
E-Commerce,Enterprise,Annual,Self-Serve,872.18,3,19,12,1,0,6601.0,0
EdTech,Growth,Annual,Assisted,926.59,11,11,5,0,0,55447.0,0
E-Commerce,Enterprise,Annual,Self-Serve,2155.36,1,20,18,5,3,79348.0,1
FinTech,Growth,Monthly,Dedicated-CSM,832.98,21,17,3,4,1,29698.0,0
HealthTech,Custom,Multi-Year,Assisted,2365.2,13,12,2,1,0,39535.0,0
EdTech,Custom,Annual,Self-Serve,727.23,12,21,19,4,0,12898.0,0
FinTech,Startup,Annual,Self-Serve,6356.94,6,17,5,1,1,128589.0,1
HealthTech,Startup,Annual,Assisted,1795.54,42,16,3,3,1,17963.0,0
HealthTech,Startup,Monthly,Self-Serve,790.75,1,20,6,1,0,12283.0,0
HealthTech,Growth,Annual,Self-Serve,812.09,36,10,8,2,1,37265.0,0
Media,Enterprise,Monthly,Assisted,865.47,8,15,12,2,0,10568.0,0
FinTech,Growth,Quarterly,Dedicated-CSM,4302.01,38,16,7,2,0,58028.0,0
E-Commerce,Growth,Monthly,Self-Serve,455.58,23,22,16,4,2,36192.0,0
FinTech,Startup,Multi-Year,Assisted,759.19,1,21,12,3,0,7997.0,0
Media,Enterprise,Monthly,Dedicated-CSM,830.97,32,18,16,3,1,3481.0,0
FinTech,Custom,Monthly,Self-Serve,1321.69,20,19,4,3,1,7364.0,1
HealthTech,Startup,Quarterly,Dedicated-CSM,1063.75,1,24,20,1,0,7345.0,0
EdTech,Growth,Annual,,377.08,2,9,3,0,0,18760.0,0
EdTech,Startup,Annual,Assisted,953.51,18,19,9,2,1,89569.0,0
HealthTech,Growth,Monthly,Assisted,1230.75,19,17,6,0,0,2950.0,0
HealthTech,Growth,Monthly,,785.34,24,22,16,1,0,6853.0,0
HealthTech,Startup,Annual,Dedicated-CSM,2401.28,22,22,16,1,0,18041.0,0
HealthTech,Growth,Multi-Year,Self-Serve,2926.31,19,22,14,1,0,40297.0,0
FinTech,Startup,Annual,Self-Serve,1253.09,26,20,15,2,0,71960.0,0
E-Commerce,Growth,Quarterly,,1629.39,15,9,6,3,1,127037.0,0
HealthTech,Growth,Multi-Year,Dedicated-CSM,213.39,5,15,12,5,2,26559.0,0
HealthTech,Startup,Monthly,Self-Serve,936.42,43,22,8,2,0,5593.0,0
EdTech,Enterprise,Quarterly,Dedicated-CSM,3146.66,1,20,10,2,0,12009.0,0
Media,Enterprise,Quarterly,Self-Serve,934.56,8,25,8,2,1,16931.0,0
E-Commerce,Growth,Monthly,Self-Serve,715.75,23,16,8,1,1,77112.0,0
FinTech,Startup,Annual,Assisted,9283.89,10,16,12,1,0,58021.0,0
FinTech,Enterprise,Quarterly,Self-Serve,6286.85,1,21,15,4,0,11723.0,0
Media,Custom,Monthly,Assisted,1993.08,1,10,7,4,1,91239.0,1
HealthTech,Startup,Monthly,Self-Serve,3526.55,18,21,9,3,1,,1
FinTech,Startup,Monthly,Self-Serve,201.94,60,25,18,2,0,107040.0,0
E-Commerce,Startup,Quarterly,Assisted,685.8,14,21,10,0,0,16079.0,0
E-Commerce,Growth,Monthly,Assisted,898.33,12,15,14,2,1,7178.0,0
E-Commerce,Startup,Monthly,Assisted,1095.99,6,17,8,3,0,5488.0,1
HealthTech,Growth,Annual,Assisted,883.2,5,20,13,1,1,25549.0,0
FinTech,Growth,Annual,Self-Serve,153.31,1,24,19,3,0,28047.0,0
Media,Growth,Annual,Assisted,1859.61,5,20,18,1,0,101327.0,0
HealthTech,Growth,Quarterly,Dedicated-CSM,2126.23,10,20,11,2,0,15582.0,0
EdTech,Growth,Annual,Dedicated-CSM,5227.11,3,20,9,3,0,49294.0,0
EdTech,Growth,Multi-Year,Self-Serve,685.36,1,24,13,1,1,77609.0,0
E-Commerce,Startup,Annual,Self-Serve,639.29,22,21,9,0,0,15678.0,0
HealthTech,Startup,Annual,Dedicated-CSM,150.0,40,20,14,0,0,15540.0,0
HealthTech,Enterprise,Monthly,Assisted,1043.64,49,25,23,2,1,55305.0,0
E-Commerce,Startup,Multi-Year,Assisted,2881.15,17,21,6,2,0,64756.0,0
Logistics,Enterprise,Monthly,Assisted,796.32,1,16,10,4,1,160648.0,1
Media,Custom,Monthly,Self-Serve,8282.73,24,22,20,3,1,94836.0,0
FinTech,Startup,Monthly,Assisted,1076.96,2,17,4,3,2,86313.0,1
FinTech,Growth,Monthly,Dedicated-CSM,1517.69,19,19,11,3,0,58934.0,0
Media,Growth,Multi-Year,Assisted,420.47,27,24,21,0,0,6306.0,0
EdTech,Enterprise,Quarterly,,1709.81,23,23,21,1,1,82837.0,0
Logistics,Custom,Quarterly,Self-Serve,249.03,54,17,10,1,0,136916.0,0
FinTech,Enterprise,Annual,Self-Serve,2415.46,24,27,5,3,0,24774.0,0
E-Commerce,Startup,Quarterly,Assisted,2479.38,21,17,4,2,1,18819.0,0
EdTech,Growth,Monthly,Self-Serve,4253.08,5,16,10,1,0,36958.0,1
EdTech,Growth,Annual,Self-Serve,562.86,46,16,4,3,1,156699.0,0
HealthTech,Growth,Annual,Dedicated-CSM,1535.29,3,19,6,1,1,2608.0,0
FinTech,Startup,Monthly,Self-Serve,2162.98,42,24,19,3,1,61701.0,0
E-Commerce,Startup,Annual,Self-Serve,1950.69,6,25,20,3,1,84280.0,0
HealthTech,Enterprise,Monthly,Self-Serve,641.94,2,22,19,3,1,77735.0,0
E-Commerce,Growth,Monthly,Self-Serve,175.36,31,27,7,1,1,41825.0,0
Media,Startup,Monthly,Assisted,1798.87,1,18,6,1,1,126640.0,1
HealthTech,Growth,Monthly,Dedicated-CSM,1176.59,32,14,12,2,0,7224.0,0
Logistics,Enterprise,Annual,Dedicated-CSM,827.43,5,21,16,2,0,14062.0,0
FinTech,Enterprise,Annual,Assisted,2564.08,38,20,16,1,1,18333.0,0
EdTech,Startup,Monthly,Assisted,1289.25,21,31,30,6,2,436.0,0
Media,Startup,Quarterly,Assisted,436.45,19,11,9,2,0,23155.0,0
FinTech,Startup,Annual,Self-Serve,259.37,8,21,12,5,1,8757.0,0
FinTech,Custom,Monthly,Self-Serve,513.05,1,17,7,6,1,64481.0,1
HealthTech,Growth,Monthly,Dedicated-CSM,10240.04,31,18,11,2,0,,1
FinTech,Growth,Multi-Year,Self-Serve,2475.9,3,14,9,1,1,60947.0,0
EdTech,Growth,Annual,Self-Serve,1572.34,8,24,11,2,1,17382.0,0
Media,Growth,Multi-Year,Assisted,1147.78,16,17,13,1,0,7073.0,0
HealthTech,Enterprise,Monthly,Assisted,1085.41,11,18,4,4,0,7078.0,0
HealthTech,Growth,Annual,Self-Serve,3612.36,3,19,15,0,0,11362.0,0
HealthTech,Startup,Monthly,Self-Serve,882.71,2,22,4,3,0,6121.0,1
EdTech,Startup,Monthly,Self-Serve,2187.21,2,20,11,1,0,12458.0,0
FinTech,Growth,Quarterly,Assisted,996.09,35,22,19,3,1,43260.0,0
E-Commerce,Custom,Monthly,Self-Serve,6968.35,1,18,4,3,1,14808.0,1
E-Commerce,Startup,Monthly,Assisted,2517.31,67,17,10,6,1,20999.0,0
E-Commerce,Enterprise,Monthly,Assisted,3861.16,3,18,5,1,1,2709.0,0
FinTech,Enterprise,Monthly,Dedicated-CSM,815.05,2,19,17,3,1,111378.0,0
EdTech,Startup,Annual,Self-Serve,3292.54,15,12,10,1,1,7434.0,0
FinTech,Startup,Quarterly,Self-Serve,1026.91,1,21,19,1,0,21437.0,0
FinTech,Startup,Monthly,Assisted,1470.75,16,19,17,1,0,23860.0,0
Logistics,Enterprise,Monthly,Assisted,5376.49,34,17,13,2,1,73948.0,0
EdTech,Startup,Monthly,Self-Serve,552.05,1,27,9,4,0,33038.0,1
FinTech,Growth,Annual,Assisted,1592.02,28,24,10,2,0,24141.0,0
FinTech,Growth,Monthly,Self-Serve,1943.61,9,17,10,4,0,59516.0,0
FinTech,Enterprise,Annual,Self-Serve,2083.92,3,17,11,1,0,45443.0,0
HealthTech,Startup,Monthly,Assisted,913.09,3,19,15,1,0,4068.0,0
FinTech,Growth,Monthly,Self-Serve,7889.79,45,16,6,2,1,18749.0,0
FinTech,Growth,Annual,Dedicated-CSM,445.55,2,11,3,1,0,192237.0,0
E-Commerce,Growth,Annual,Assisted,4628.8,36,18,10,1,0,33018.0,0
EdTech,Enterprise,Monthly,Assisted,3762.38,14,19,6,2,1,27599.0,0
E-Commerce,Startup,Annual,Assisted,6739.6,1,20,15,1,0,8121.0,0
EdTech,Enterprise,Quarterly,Assisted,347.24,11,26,17,1,1,91339.0,0
FinTech,Growth,Annual,Self-Serve,640.02,30,18,14,1,1,7154.0,0
Media,Growth,Annual,Dedicated-CSM,4760.71,23,17,4,4,1,5551.0,0
Logistics,Growth,Annual,Dedicated-CSM,271.65,12,28,27,1,0,28902.0,0
Logistics,Growth,Multi-Year,Self-Serve,341.9,35,17,3,1,1,28692.0,0
Logistics,Startup,Monthly,Self-Serve,884.43,2,17,7,3,0,199415.0,0
Media,Growth,Annual,Self-Serve,1576.87,43,15,11,0,0,6822.0,0
E-Commerce,Growth,Quarterly,Assisted,5184.31,33,25,5,0,0,33066.0,0
FinTech,Growth,Monthly,Assisted,1144.27,22,14,3,5,1,11235.0,0
E-Commerce,Startup,Monthly,Dedicated-CSM,798.71,30,21,5,3,3,60493.0,1
EdTech,Custom,Monthly,Assisted,1745.3,14,21,13,1,0,24853.0,0
EdTech,Growth,Annual,Assisted,1996.51,20,20,18,4,1,52273.0,0
E-Commerce,Startup,Quarterly,Assisted,1948.97,14,27,17,4,1,20656.0,0
FinTech,Growth,Quarterly,Assisted,1151.37,7,22,15,3,1,41568.0,0
HealthTech,Enterprise,Monthly,Assisted,254.21,15,17,8,0,0,31663.0,0
Media,Enterprise,Quarterly,Assisted,614.02,5,25,5,3,3,23449.0,0
E-Commerce,Growth,Multi-Year,Assisted,4479.34,10,27,5,4,3,38558.0,1
E-Commerce,Enterprise,Monthly,Assisted,1570.28,5,19,17,3,1,24209.0,0
HealthTech,Startup,Annual,Assisted,1018.27,2,19,5,3,1,82000.0,0
HealthTech,Growth,Annual,Assisted,3464.91,6,20,19,2,0,34183.0,0
Logistics,Enterprise,Annual,Assisted,512.55,34,20,6,2,0,116718.0,0
EdTech,Enterprise,Quarterly,Assisted,1105.94,8,23,17,2,0,12603.0,0
EdTech,Growth,Annual,Assisted,1505.82,24,25,23,2,1,5946.0,0
E-Commerce,Enterprise,Monthly,Assisted,920.42,3,12,5,5,1,23980.0,0
E-Commerce,Startup,Annual,Assisted,1459.21,9,21,16,3,2,10146.0,0
FinTech,Enterprise,Monthly,Self-Serve,1141.91,2,15,7,2,0,24971.0,0
EdTech,Startup,Monthly,Self-Serve,407.71,2,21,9,4,3,11623.0,1
HealthTech,Startup,Monthly,Assisted,1562.83,17,24,8,0,0,101330.0,0
HealthTech,Startup,Annual,Assisted,433.07,16,10,8,0,0,41955.0,0
E-Commerce,Growth,Monthly,Dedicated-CSM,1541.9,4,18,7,1,0,34417.0,1
Media,Startup,Monthly,Self-Serve,4307.08,11,22,9,5,4,77498.0,1
FinTech,Startup,Monthly,Self-Serve,1054.83,35,13,12,4,2,6984.0,1
Logistics,Startup,Multi-Year,Self-Serve,494.84,3,22,10,4,2,97251.0,0
HealthTech,Startup,Annual,Self-Serve,1202.38,1,22,11,2,0,33015.0,0
HealthTech,Growth,Quarterly,Assisted,660.39,18,22,21,2,1,7334.0,0
FinTech,Growth,Annual,Self-Serve,2220.16,1,18,8,3,1,85577.0,0
HealthTech,Startup,Quarterly,Assisted,1181.11,70,25,12,1,0,30881.0,0
E-Commerce,Enterprise,Monthly,Assisted,5729.01,16,28,24,4,2,46393.0,1
FinTech,Enterprise,Multi-Year,Assisted,3599.47,11,28,12,2,0,112032.0,0
E-Commerce,Enterprise,Monthly,Dedicated-CSM,1176.01,10,24,9,1,0,110679.0,0
Media,Startup,Monthly,Assisted,2460.86,15,17,9,0,0,111662.0,0
FinTech,Enterprise,Monthly,Self-Serve,958.86,1,29,22,0,0,26971.0,0
EdTech,Startup,Quarterly,Dedicated-CSM,1378.65,47,22,5,2,0,69236.0,0
HealthTech,Startup,Quarterly,Dedicated-CSM,985.14,17,26,12,2,0,13281.0,0
EdTech,Startup,Quarterly,Self-Serve,2569.55,3,21,10,3,0,88945.0,0
HealthTech,Enterprise,Monthly,Self-Serve,4528.02,14,23,9,0,0,20906.0,0
FinTech,Startup,Quarterly,Self-Serve,2640.84,2,13,9,3,0,31173.0,0
FinTech,Startup,Monthly,Self-Serve,2932.6,1,18,7,1,1,111000.0,1
FinTech,Startup,Monthly,Dedicated-CSM,2935.34,17,18,12,3,3,81928.0,0
FinTech,Enterprise,Monthly,Assisted,2140.01,18,20,12,4,1,152363.0,1
EdTech,Growth,Annual,Self-Serve,508.57,15,14,5,0,0,22586.0,0
Logistics,Startup,Monthly,Dedicated-CSM,5686.36,3,10,4,3,0,8190.0,1
Logistics,Growth,Annual,Assisted,6208.96,16,22,7,2,2,120626.0,0
EdTech,Growth,Annual,Self-Serve,1097.95,1,23,5,3,1,33977.0,0
FinTech,Growth,Annual,Dedicated-CSM,977.41,16,27,18,4,2,110092.0,0
HealthTech,Startup,Quarterly,Dedicated-CSM,2254.2,14,24,17,2,2,65852.0,0
HealthTech,Enterprise,Monthly,Dedicated-CSM,2139.21,19,27,8,5,3,103893.0,1
FinTech,Startup,Monthly,Assisted,1128.16,40,22,15,1,1,53170.0,0
E-Commerce,Growth,Annual,Assisted,462.88,34,23,22,1,1,83665.0,0
E-Commerce,Startup,Quarterly,Self-Serve,1736.88,71,17,4,3,2,6411.0,0
HealthTech,Growth,Annual,Assisted,2140.34,67,25,14,1,1,172564.0,0
HealthTech,Growth,Annual,Dedicated-CSM,2482.32,26,30,23,0,0,9982.0,0
Logistics,Growth,Monthly,Self-Serve,1802.44,56,19,4,1,1,1240.0,0
EdTech,Startup,Monthly,Assisted,1063.75,36,18,14,1,1,37837.0,0
HealthTech,Enterprise,Annual,Assisted,3117.86,23,15,14,5,1,62225.0,0
Media,Startup,Monthly,Self-Serve,1416.54,1,18,4,2,1,63013.0,1
Media,Growth,Monthly,Assisted,902.18,1,26,22,2,1,20718.0,0
HealthTech,Enterprise,Annual,Self-Serve,1148.77,32,17,8,3,1,70087.0,0
HealthTech,Growth,Monthly,Assisted,303.67,12,20,6,5,3,92436.0,0
E-Commerce,Enterprise,Multi-Year,Self-Serve,1147.22,30,23,13,2,0,47082.0,0
Media,Growth,Annual,Dedicated-CSM,2404.68,6,17,4,0,0,24387.0,0
Logistics,Growth,Annual,Self-Serve,1787.93,9,18,11,3,1,47541.0,0
FinTech,Enterprise,Monthly,Self-Serve,4878.36,21,16,3,3,0,99109.0,0
HealthTech,Startup,Monthly,Self-Serve,1071.13,44,22,17,2,1,115366.0,0
E-Commerce,Growth,Quarterly,Dedicated-CSM,2026.81,1,20,11,3,0,1601.0,0
E-Commerce,Enterprise,Monthly,Assisted,2627.61,35,12,6,1,1,6528.0,0
FinTech,Growth,Monthly,Assisted,9812.66,28,20,7,3,1,226.0,1
Logistics,Startup,Monthly,Assisted,1514.82,6,13,6,1,1,33907.0,0
EdTech,Growth,Monthly,Assisted,551.39,7,18,6,0,0,28670.0,0
Logistics,Enterprise,Monthly,Self-Serve,2753.81,1,14,11,2,0,39461.0,0
Logistics,Custom,Annual,Assisted,6541.15,1,17,6,1,1,57545.0,0
EdTech,Growth,Monthly,Self-Serve,1018.24,11,18,12,3,0,22768.0,0
HealthTech,Growth,Monthly,,2737.83,1,23,9,2,2,11696.0,1
E-Commerce,Custom,Annual,Assisted,3806.32,3,18,13,1,1,25111.0,0
FinTech,Startup,Multi-Year,Assisted,3179.58,33,16,10,5,0,453.0,0
EdTech,Startup,Monthly,Self-Serve,1490.29,15,16,8,0,0,88435.0,1
FinTech,Enterprise,Monthly,Assisted,739.74,18,23,16,2,0,24203.0,0
EdTech,Enterprise,Quarterly,Self-Serve,1250.02,3,19,10,1,0,48747.0,0
FinTech,Enterprise,Multi-Year,Self-Serve,1977.94,31,24,20,1,0,19632.0,0
FinTech,Growth,Annual,Self-Serve,2898.62,36,18,14,2,1,47701.0,0
FinTech,Startup,Annual,Assisted,1779.08,13,14,8,1,1,38874.0,0
FinTech,Growth,Monthly,Assisted,969.79,43,15,13,1,0,11695.0,0
EdTech,Startup,Quarterly,Self-Serve,2147.53,33,24,20,3,1,49085.0,0
EdTech,Startup,Monthly,Self-Serve,2782.41,23,27,16,2,1,5805.0,0
E-Commerce,Enterprise,Annual,Assisted,1849.5,23,19,4,2,0,32801.0,0
FinTech,Startup,Annual,Assisted,658.02,2,13,8,0,0,63627.0,0
FinTech,Enterprise,Multi-Year,Self-Serve,1148.03,5,16,7,2,0,39821.0,0
FinTech,Growth,Monthly,Self-Serve,2997.84,1,21,13,3,2,68574.0,0
FinTech,Growth,Monthly,Dedicated-CSM,413.41,1,21,15,5,2,15953.0,0
Logistics,Startup,Quarterly,Dedicated-CSM,226.06,3,24,17,1,0,2503.0,0
FinTech,Startup,Annual,Dedicated-CSM,4826.47,38,25,18,5,2,2880.0,0
HealthTech,Startup,Annual,Dedicated-CSM,2068.76,4,15,11,3,2,15648.0,0
FinTech,Custom,Monthly,Self-Serve,2243.34,63,16,4,2,1,26184.0,0
FinTech,Enterprise,Monthly,Self-Serve,536.31,16,17,6,1,0,38556.0,0
E-Commerce,Growth,Quarterly,Self-Serve,2507.14,4,22,15,2,0,70871.0,0
E-Commerce,Startup,Monthly,Self-Serve,1692.5,12,22,11,2,1,91507.0,1
FinTech,Custom,Annual,Dedicated-CSM,348.39,4,24,19,1,0,,0
FinTech,Startup,Quarterly,Assisted,4494.64,72,21,6,2,0,31107.0,0
HealthTech,Startup,Annual,Assisted,1532.85,33,20,7,2,1,15359.0,0
FinTech,Growth,Quarterly,Self-Serve,956.55,1,23,14,2,0,27914.0,0
FinTech,Custom,Annual,Dedicated-CSM,971.37,53,17,10,2,0,15969.0,0
Media,Startup,Monthly,Dedicated-CSM,241.55,22,19,7,2,0,48970.0,0
E-Commerce,Startup,Annual,Self-Serve,2217.94,1,28,14,1,0,85244.0,0
E-Commerce,Custom,Monthly,Dedicated-CSM,1673.34,19,15,3,4,1,36510.0,0
HealthTech,Startup,Quarterly,Self-Serve,1135.73,18,25,5,2,1,,0
HealthTech,Startup,Monthly,Self-Serve,3970.76,4,27,7,3,3,140461.0,1
E-Commerce,Growth,Quarterly,Assisted,413.11,25,14,9,4,1,17427.0,0
EdTech,Enterprise,Monthly,Assisted,806.53,1,29,25,3,1,122968.0,0
EdTech,Growth,Monthly,Self-Serve,650.34,12,11,4,1,1,83851.0,1
FinTech,Custom,Multi-Year,Self-Serve,1056.82,1,18,4,1,0,26647.0,0
E-Commerce,Growth,Monthly,Dedicated-CSM,1418.49,62,23,17,1,0,2919.0,0
HealthTech,Startup,Annual,Assisted,1930.46,25,16,14,0,0,147542.0,0
Logistics,Custom,Multi-Year,Assisted,997.32,3,11,3,2,1,53802.0,0
E-Commerce,Growth,Monthly,Self-Serve,635.4,7,22,11,3,2,14361.0,0
E-Commerce,Startup,Annual,Self-Serve,5614.49,3,17,5,2,2,38129.0,1
FinTech,Growth,Monthly,,10403.46,26,13,3,1,0,,1
E-Commerce,Startup,Monthly,Self-Serve,1512.92,1,19,13,2,1,12852.0,1
FinTech,Startup,Monthly,Self-Serve,703.97,33,18,17,3,0,4910.0,0
HealthTech,Startup,Multi-Year,Self-Serve,4694.45,51,14,10,5,2,15562.0,0
FinTech,Growth,Monthly,Assisted,391.61,20,16,15,1,1,2439.0,0
EdTech,Enterprise,Quarterly,Self-Serve,1007.72,4,16,8,2,0,3628.0,0
FinTech,Growth,Quarterly,Dedicated-CSM,741.22,8,15,13,2,0,8515.0,0
HealthTech,Custom,Annual,Self-Serve,499.89,11,22,8,4,1,8623.0,0
Logistics,Startup,Monthly,Assisted,1055.72,16,19,5,3,1,14248.0,0
FinTech,Startup,Annual,,642.56,19,19,14,2,1,138573.0,0
E-Commerce,Startup,Annual,Assisted,1353.92,14,15,7,3,1,42880.0,1
HealthTech,Startup,Annual,Self-Serve,1370.73,7,23,10,1,1,27453.0,0
FinTech,Startup,Multi-Year,Dedicated-CSM,789.87,39,19,14,1,0,41483.0,0
EdTech,Enterprise,Annual,Assisted,977.56,1,22,10,2,1,286.0,0
FinTech,Custom,Monthly,Assisted,1100.78,11,32,21,2,1,112569.0,0
E-Commerce,Custom,Quarterly,Self-Serve,2666.09,26,21,9,0,0,37998.0,0
E-Commerce,Startup,Monthly,Assisted,1180.67,1,25,20,1,0,30042.0,0
E-Commerce,Enterprise,Monthly,Assisted,2699.97,21,23,10,0,0,142024.0,0
EdTech,Startup,Quarterly,Self-Serve,2203.81,30,19,11,2,1,65542.0,0
HealthTech,Startup,Monthly,Assisted,2177.21,19,30,6,3,0,20581.0,0
FinTech,Enterprise,Monthly,Dedicated-CSM,4357.57,1,18,15,5,3,,1
EdTech,Growth,Multi-Year,Assisted,517.25,3,22,15,4,1,95526.0,0
E-Commerce,Startup,Monthly,Dedicated-CSM,895.87,7,30,10,0,0,154539.0,0
Logistics,Growth,Multi-Year,Dedicated-CSM,5995.74,4,19,7,2,0,5059.0,0
Logistics,Startup,Quarterly,Dedicated-CSM,1076.3,59,24,9,2,1,155372.0,0
Logistics,Enterprise,Annual,Assisted,150.0,18,16,10,4,0,39141.0,0
E-Commerce,Growth,Annual,Assisted,1127.18,6,17,10,3,1,55770.0,0
HealthTech,Custom,Monthly,Assisted,1502.22,47,22,9,2,0,11928.0,0
EdTech,Startup,Monthly,Assisted,150.0,24,34,25,2,0,7564.0,0
E-Commerce,Growth,Monthly,Dedicated-CSM,4162.39,6,9,8,3,3,4136.0,1
FinTech,Growth,Monthly,Self-Serve,730.22,8,19,4,1,0,27436.0,0
Logistics,Growth,Multi-Year,Self-Serve,1770.96,4,20,10,2,0,12510.0,0
Logistics,Startup,Annual,Self-Serve,1105.35,63,18,12,2,1,4257.0,0
E-Commerce,Enterprise,Monthly,Self-Serve,448.05,13,15,10,1,0,155128.0,0
FinTech,Enterprise,Monthly,Self-Serve,539.19,40,21,4,3,0,66099.0,0
HealthTech,Custom,Monthly,Assisted,604.97,7,25,9,1,0,36475.0,0
Logistics,Enterprise,Monthly,Self-Serve,3370.52,35,21,5,3,1,68002.0,0
Media,Enterprise,Annual,Assisted,1181.56,1,21,13,5,3,47268.0,1
FinTech,Growth,Monthly,Assisted,859.55,72,23,16,1,1,9803.0,0
FinTech,Enterprise,Quarterly,Self-Serve,605.21,43,25,8,4,3,50179.0,0
Logistics,Startup,Monthly,Self-Serve,3702.37,8,14,6,2,1,57130.0,1
HealthTech,Growth,Monthly,Assisted,4649.76,26,14,6,1,1,13556.0,1
E-Commerce,Startup,Annual,Assisted,3666.64,25,18,15,5,1,19294.0,0
Media,Growth,Quarterly,Dedicated-CSM,2035.65,41,19,6,2,0,24169.0,0
FinTech,Startup,Multi-Year,Dedicated-CSM,1713.61,6,21,13,2,0,46134.0,0
E-Commerce,Custom,Annual,Dedicated-CSM,476.49,11,19,15,1,0,6780.0,0
FinTech,Startup,Monthly,Assisted,1086.87,36,24,20,2,1,68027.0,0
HealthTech,Startup,Monthly,Dedicated-CSM,748.98,27,20,14,2,0,21234.0,0
Logistics,Growth,Annual,Dedicated-CSM,283.81,8,23,10,2,1,58846.0,0
HealthTech,Startup,Multi-Year,Dedicated-CSM,3289.49,33,27,23,3,1,135069.0,0
Media,Startup,Annual,Self-Serve,741.4,1,24,19,2,0,101963.0,0
E-Commerce,Startup,Monthly,,3701.71,27,17,12,5,1,66891.0,0
HealthTech,Growth,Multi-Year,Assisted,2834.11,4,23,5,1,0,10742.0,0
FinTech,Growth,Monthly,Assisted,2149.97,6,26,6,2,2,65852.0,1
HealthTech,Enterprise,Annual,Self-Serve,2255.1,12,17,12,4,2,50501.0,0
HealthTech,Enterprise,Multi-Year,Self-Serve,793.92,10,14,13,2,1,74041.0,0
FinTech,Growth,Monthly,Self-Serve,6497.5,13,24,19,0,0,101557.0,0
HealthTech,Startup,Multi-Year,Self-Serve,1389.44,14,20,17,2,0,18660.0,0
E-Commerce,Startup,Monthly,Self-Serve,1731.32,7,9,5,4,0,51684.0,1
EdTech,Enterprise,Multi-Year,Dedicated-CSM,771.46,3,22,9,6,3,16089.0,0
EdTech,Startup,Monthly,Self-Serve,606.99,26,21,15,3,0,21254.0,0
EdTech,Startup,Multi-Year,Self-Serve,2009.62,9,15,11,2,1,36766.0,0
FinTech,Enterprise,Monthly,Self-Serve,1611.44,12,13,9,4,2,28472.0,0
FinTech,Growth,Annual,Assisted,684.75,18,18,17,0,0,45893.0,0
EdTech,Startup,Quarterly,Self-Serve,394.39,43,23,11,2,1,71098.0,0
E-Commerce,Startup,Quarterly,Self-Serve,455.12,22,24,5,0,0,46446.0,0
FinTech,Custom,Monthly,Assisted,3702.32,1,25,23,1,0,174996.0,0
Logistics,Enterprise,Annual,Assisted,795.31,32,14,4,4,2,66993.0,0
EdTech,Enterprise,Monthly,Self-Serve,1004.18,72,29,21,1,1,210025.0,0
E-Commerce,Growth,Quarterly,Self-Serve,4595.3,11,28,25,3,1,68020.0,0
FinTech,Growth,Monthly,Self-Serve,516.03,62,28,12,4,0,35456.0,0
EdTech,Custom,Multi-Year,Dedicated-CSM,722.02,14,18,15,3,1,26467.0,0
E-Commerce,Custom,Monthly,,696.83,11,23,10,2,2,66526.0,0
EdTech,Startup,Monthly,Assisted,5299.45,7,24,20,2,0,58097.0,0
EdTech,Enterprise,Monthly,Self-Serve,7290.85,19,20,5,2,0,55246.0,0
Logistics,Startup,Monthly,Assisted,2537.23,4,17,12,8,1,63968.0,1
E-Commerce,Startup,Monthly,Self-Serve,2606.8,1,25,18,5,1,,0
FinTech,Growth,Quarterly,Self-Serve,817.87,1,24,14,2,0,12923.0,0
EdTech,Growth,Annual,Assisted,7010.96,6,20,14,2,1,41608.0,0
E-Commerce,Custom,Annual,Self-Serve,1681.67,9,16,15,1,0,46229.0,0
EdTech,Startup,Quarterly,Self-Serve,2765.96,14,30,23,0,0,17326.0,0
FinTech,Growth,Monthly,Assisted,1224.52,6,25,24,5,3,220933.0,1
FinTech,Custom,Annual,Dedicated-CSM,1066.54,72,20,11,3,1,76981.0,0
Logistics,Custom,Monthly,Self-Serve,5505.96,6,19,11,1,1,19376.0,1
EdTech,Startup,Annual,Assisted,2119.14,10,16,6,2,1,22192.0,0
Media,Growth,Monthly,Dedicated-CSM,4599.34,1,21,20,2,1,63338.0,1
EdTech,Growth,Monthly,Dedicated-CSM,1664.08,5,13,3,2,0,578.0,1
E-Commerce,Startup,Monthly,Assisted,651.25,1,15,7,2,0,31185.0,0
EdTech,Custom,Annual,Assisted,815.79,14,22,9,2,0,21012.0,0
Logistics,Custom,Monthly,Self-Serve,1461.94,25,11,5,2,0,96208.0,0
E-Commerce,Startup,Quarterly,Assisted,786.41,3,24,22,2,1,78342.0,0
E-Commerce,Startup,Monthly,Self-Serve,522.52,8,18,8,0,0,20181.0,0
FinTech,Startup,Annual,Self-Serve,3718.98,1,22,20,3,0,100049.0,0
E-Commerce,Custom,Multi-Year,Assisted,842.91,32,20,10,2,2,122438.0,0
EdTech,Startup,Monthly,Self-Serve,1506.38,27,27,23,1,1,40199.0,0
HealthTech,Growth,Quarterly,Assisted,1722.81,1,27,16,2,1,8672.0,0
FinTech,Growth,Multi-Year,Assisted,812.46,8,26,11,3,0,73555.0,0
HealthTech,Growth,Quarterly,Assisted,4597.09,55,22,12,2,1,19235.0,0
FinTech,Startup,Quarterly,Self-Serve,518.24,8,15,8,2,0,37463.0,0
FinTech,Startup,Quarterly,Self-Serve,1673.01,13,25,10,1,0,2333.0,0
HealthTech,Custom,Annual,Assisted,1651.11,7,19,8,3,1,34666.0,0
Media,Custom,Monthly,Dedicated-CSM,1279.06,16,20,6,2,0,23923.0,0
E-Commerce,Enterprise,Annual,Self-Serve,444.8,68,13,6,2,2,57929.0,0
FinTech,Startup,Monthly,Self-Serve,2807.91,72,17,11,0,0,2082.0,0
FinTech,Startup,Monthly,Dedicated-CSM,2519.92,26,23,11,5,3,49034.0,1
EdTech,Growth,Annual,Self-Serve,754.28,9,24,18,0,0,73911.0,0
HealthTech,Startup,Monthly,Dedicated-CSM,2443.93,12,20,19,4,2,643.0,1
Logistics,Custom,Monthly,Assisted,1842.12,7,25,12,1,1,69307.0,0
EdTech,Growth,Annual,Assisted,451.01,72,26,14,6,2,6975.0,0
EdTech,Startup,Annual,Self-Serve,648.17,22,23,7,3,2,59876.0,0
HealthTech,Custom,Annual,Self-Serve,3524.66,10,25,12,4,0,30374.0,0
EdTech,Custom,Multi-Year,Self-Serve,1742.37,1,20,15,3,2,40147.0,0
HealthTech,Startup,Annual,Dedicated-CSM,829.1,13,22,8,1,1,20575.0,0
Media,Growth,Monthly,Assisted,645.67,72,31,10,2,2,14083.0,0
E-Commerce,Startup,Monthly,Assisted,864.3,13,29,14,2,2,3685.0,0
HealthTech,Growth,Annual,Assisted,918.0,3,27,23,4,1,100009.0,0
HealthTech,Startup,Monthly,Self-Serve,652.58,1,15,10,1,0,47135.0,0
FinTech,Growth,Annual,Assisted,304.75,7,20,19,3,2,203140.0,1
EdTech,Custom,Annual,Assisted,3529.85,45,22,20,0,0,95007.0,0
FinTech,Growth,Monthly,Assisted,3056.54,72,26,8,1,0,101870.0,0
E-Commerce,Startup,Multi-Year,Self-Serve,453.83,52,21,4,3,0,45546.0,0
HealthTech,Growth,Quarterly,Assisted,1503.97,23,14,7,3,1,4220.0,0
EdTech,Startup,Quarterly,Dedicated-CSM,622.1,14,22,13,2,1,122321.0,0
Logistics,Enterprise,Multi-Year,Assisted,1072.41,16,17,10,4,2,6272.0,0
EdTech,Growth,Quarterly,Self-Serve,999.19,13,16,4,3,1,36402.0,0
EdTech,Startup,Monthly,Assisted,931.08,22,26,7,3,0,97195.0,0
FinTech,Startup,Quarterly,Self-Serve,7350.36,9,16,3,3,1,31972.0,0
FinTech,Enterprise,Annual,Assisted,921.24,19,18,15,2,2,9056.0,0
EdTech,Startup,Annual,Dedicated-CSM,673.83,2,16,15,1,0,23356.0,0
HealthTech,Enterprise,Annual,Assisted,700.51,5,17,4,2,2,222783.0,0
HealthTech,Startup,Annual,Assisted,3252.6,32,25,9,3,1,416574.0,0
FinTech,Startup,Monthly,Assisted,328.89,42,17,4,0,0,62038.0,0
HealthTech,Growth,Annual,Self-Serve,700.48,13,20,18,4,2,109459.0,0
FinTech,Custom,Annual,Self-Serve,4581.58,1,18,17,3,3,2261.0,1
Logistics,Custom,Monthly,Dedicated-CSM,1648.12,47,19,7,0,0,16146.0,0
FinTech,Startup,Monthly,Assisted,1576.77,21,19,8,5,1,23019.0,0
E-Commerce,Growth,Multi-Year,Self-Serve,8203.57,9,25,12,4,3,604.0,1
FinTech,Startup,Annual,Self-Serve,1651.43,16,16,9,2,1,23657.0,0
EdTech,Growth,Annual,Assisted,733.66,10,24,17,0,0,4882.0,0
HealthTech,Growth,Annual,Assisted,1053.88,11,18,10,1,0,36429.0,0
Logistics,Custom,Quarterly,Dedicated-CSM,510.24,39,22,21,1,0,221.0,0
Logistics,Custom,Annual,Self-Serve,3895.38,3,12,3,2,1,15766.0,0
HealthTech,Growth,Quarterly,Dedicated-CSM,2182.83,1,16,13,3,1,100602.0,0
Media,Growth,Monthly,Assisted,3483.36,1,19,8,1,0,11980.0,0
Media,Enterprise,Annual,Assisted,3755.72,6,22,11,2,0,3352.0,0
Logistics,Enterprise,Quarterly,Assisted,941.92,2,17,13,1,0,,0
Logistics,Startup,Annual,Self-Serve,600.02,4,15,14,3,0,87885.0,0
FinTech,Startup,Quarterly,Dedicated-CSM,1281.83,1,18,13,2,1,44238.0,0
E-Commerce,Growth,Quarterly,Self-Serve,637.88,4,16,13,4,4,44103.0,1
FinTech,Startup,Monthly,Self-Serve,1541.04,7,22,17,2,2,100.0,1
FinTech,Startup,Monthly,Dedicated-CSM,3506.18,1,12,5,5,1,31947.0,1
Media,Startup,Monthly,Assisted,1161.05,16,19,15,2,1,15436.0,0
HealthTech,Growth,Monthly,Dedicated-CSM,1521.57,15,19,15,4,1,20489.0,0
EdTech,Startup,Multi-Year,Assisted,1236.74,1,20,12,3,0,45651.0,0
Logistics,Startup,Monthly,Self-Serve,2650.01,16,18,11,1,1,103709.0,0
Logistics,Startup,Monthly,Dedicated-CSM,759.29,72,20,16,3,1,10024.0,0
Media,Enterprise,Quarterly,Self-Serve,207.06,52,16,13,1,0,73099.0,0
FinTech,Enterprise,Annual,Dedicated-CSM,1998.67,1,24,11,1,0,2507.0,0
FinTech,Growth,Monthly,Self-Serve,3101.56,28,19,15,2,0,19780.0,0
HealthTech,Growth,Annual,Dedicated-CSM,1957.49,7,25,21,3,0,12353.0,0
FinTech,Custom,Annual,Self-Serve,777.28,1,23,8,0,0,123600.0,0
FinTech,Startup,Monthly,Assisted,510.42,6,18,13,1,0,9801.0,0
HealthTech,Startup,Monthly,Dedicated-CSM,2039.22,6,25,8,3,0,43212.0,0
EdTech,Startup,Multi-Year,Assisted,1510.59,13,26,7,1,1,9003.0,1
E-Commerce,Startup,Annual,Assisted,1203.6,19,20,13,2,1,32074.0,0
HealthTech,Growth,Annual,Dedicated-CSM,6304.97,24,16,14,3,2,26671.0,0
EdTech,Custom,Monthly,Assisted,598.98,5,19,4,4,2,,1
FinTech,Growth,Monthly,Dedicated-CSM,6055.86,6,14,12,2,1,87397.0,0
FinTech,Growth,Quarterly,Assisted,1376.11,6,18,10,1,0,75732.0,0
EdTech,Custom,Monthly,Self-Serve,281.4,8,16,14,5,2,16277.0,0
E-Commerce,Startup,Monthly,Self-Serve,1150.18,72,21,18,3,0,47595.0,0
EdTech,Startup,Annual,Self-Serve,3027.74,27,22,19,4,0,22523.0,0
FinTech,Growth,Monthly,Self-Serve,982.11,66,25,20,2,1,73316.0,0
Logistics,Growth,Annual,Assisted,382.39,21,28,24,1,0,58961.0,0
E-Commerce,Startup,Annual,Self-Serve,1164.63,9,26,8,2,0,4741.0,0
E-Commerce,Growth,Monthly,Self-Serve,646.39,8,16,7,1,0,92955.0,0
E-Commerce,Growth,Annual,Self-Serve,2034.58,12,21,8,2,0,9888.0,0
Logistics,Growth,Monthly,Dedicated-CSM,2584.76,9,17,13,1,1,9565.0,1
E-Commerce,Growth,Annual,,545.75,31,10,3,3,3,66165.0,0
E-Commerce,Startup,Monthly,,735.14,11,22,7,1,1,10121.0,1
Media,Startup,Monthly,Dedicated-CSM,2548.21,6,24,21,2,1,6528.0,0
EdTech,Growth,Annual,Self-Serve,645.47,26,26,19,4,1,20442.0,0
HealthTech,Startup,Quarterly,Dedicated-CSM,533.88,34,13,11,5,0,91228.0,0
EdTech,Custom,Multi-Year,Assisted,491.82,9,25,7,2,1,9728.0,0
HealthTech,Growth,Monthly,Self-Serve,1806.66,19,23,11,1,0,20706.0,0
FinTech,Startup,Monthly,Assisted,1741.99,1,15,6,1,0,16861.0,0
E-Commerce,Enterprise,Quarterly,Assisted,748.87,13,16,3,1,1,22008.0,0
Media,Growth,Quarterly,Assisted,1345.23,1,10,4,1,1,62636.0,0
Media,Startup,Monthly,Dedicated-CSM,4905.26,1,22,11,1,0,25999.0,0
HealthTech,Enterprise,Annual,Self-Serve,585.26,17,22,6,0,0,71268.0,0
E-Commerce,Enterprise,Annual,,254.94,6,12,7,0,0,51139.0,0
FinTech,Growth,Annual,Self-Serve,1972.02,24,22,11,4,0,22400.0,0
Media,Startup,Multi-Year,Self-Serve,1219.45,40,19,4,0,0,28303.0,0
Media,Growth,Monthly,Self-Serve,732.51,2,18,13,4,2,60806.0,1
E-Commerce,Enterprise,Annual,Dedicated-CSM,2331.5,23,21,16,0,0,38260.0,0
Logistics,Startup,Monthly,Self-Serve,2733.51,13,14,12,2,1,101377.0,1
EdTech,Startup,Annual,Assisted,204.99,2,23,13,2,1,135290.0,0
E-Commerce,Enterprise,Quarterly,Assisted,769.15,18,16,15,0,0,63241.0,0
FinTech,Startup,Multi-Year,,9603.56,16,18,16,3,1,226443.0,0
E-Commerce,Enterprise,Annual,Dedicated-CSM,2199.3,13,21,13,4,1,45383.0,0
EdTech,Growth,Multi-Year,Assisted,2379.6,46,18,10,2,0,2032.0,0
EdTech,Growth,Annual,Dedicated-CSM,3629.9,13,20,4,1,0,35145.0,0
HealthTech,Startup,Multi-Year,Assisted,1359.01,72,15,11,5,3,13069.0,0
Media,Enterprise,Annual,Dedicated-CSM,2636.43,12,24,15,3,2,20302.0,0
FinTech,Growth,Quarterly,Assisted,2466.0,2,20,19,0,0,33674.0,0
E-Commerce,Growth,Monthly,Self-Serve,2117.91,11,23,15,1,0,17481.0,0
EdTech,Growth,Monthly,Assisted,1018.71,3,15,14,1,0,18526.0,0
EdTech,Enterprise,Monthly,Assisted,1550.37,16,19,16,3,1,25710.0,0
E-Commerce,Custom,Quarterly,,812.32,21,24,23,4,2,16876.0,0
HealthTech,Growth,Quarterly,Self-Serve,1354.1,11,23,10,1,0,9286.0,0
FinTech,Growth,Quarterly,Assisted,496.1,1,18,5,3,2,72528.0,1
E-Commerce,Custom,Multi-Year,Dedicated-CSM,684.01,11,24,20,2,2,25144.0,0
E-Commerce,Growth,Multi-Year,Self-Serve,1053.67,1,12,9,2,0,89117.0,0
FinTech,Startup,Monthly,Assisted,600.55,20,22,8,2,1,107158.0,0
EdTech,Startup,Monthly,Assisted,871.95,28,17,13,2,0,69508.0,0
E-Commerce,Enterprise,Monthly,Dedicated-CSM,1165.22,59,16,10,2,0,25265.0,0
EdTech,Growth,Monthly,Dedicated-CSM,1885.45,2,20,5,2,2,63885.0,0
Logistics,Growth,Annual,Assisted,3001.5,13,14,8,2,1,8434.0,0
FinTech,Growth,Quarterly,Assisted,903.05,15,12,11,3,1,54105.0,0
FinTech,Startup,Quarterly,Self-Serve,4166.53,46,23,13,4,2,26046.0,0
EdTech,Growth,Annual,Assisted,2974.46,17,20,16,1,1,53304.0,0
E-Commerce,Startup,Annual,Assisted,2055.92,2,17,3,1,1,70282.0,0
EdTech,Growth,Monthly,Dedicated-CSM,1526.3,10,21,16,2,0,41355.0,0
Logistics,Growth,Annual,Assisted,1756.81,19,24,22,5,3,51428.0,1
Logistics,Growth,Monthly,Self-Serve,3673.84,21,17,10,2,1,12010.0,0
Media,Enterprise,Monthly,Assisted,3789.7,35,32,15,3,1,44910.0,0
E-Commerce,Enterprise,Monthly,Self-Serve,4165.97,3,16,11,5,2,30853.0,1
E-Commerce,Enterprise,Quarterly,Self-Serve,1387.32,54,22,20,3,0,,0
HealthTech,Startup,Monthly,Self-Serve,2146.78,1,28,9,1,0,26408.0,0
FinTech,Startup,Monthly,Self-Serve,4196.54,72,26,13,3,1,18620.0,0
E-Commerce,Growth,Annual,Dedicated-CSM,788.27,35,25,8,4,2,18216.0,0
HealthTech,Custom,Annual,Self-Serve,1021.83,19,20,11,2,1,60150.0,0
Media,Enterprise,Monthly,Self-Serve,1357.81,23,23,14,2,1,40800.0,0
E-Commerce,Enterprise,Monthly,Dedicated-CSM,2877.45,1,15,14,4,2,1520.0,1
E-Commerce,Startup,Annual,Self-Serve,2915.79,1,19,10,1,1,2487.0,0
HealthTech,Growth,Monthly,Self-Serve,1100.77,1,19,12,3,1,42212.0,0
FinTech,Growth,Multi-Year,Self-Serve,371.55,1,17,15,3,0,93632.0,0
FinTech,Startup,Annual,Self-Serve,1651.2,14,31,14,1,0,2249.0,0
HealthTech,Startup,Monthly,Self-Serve,613.65,4,21,15,4,0,35383.0,0
FinTech,Custom,Monthly,Self-Serve,377.49,35,24,19,2,0,95236.0,0
E-Commerce,Startup,Monthly,Assisted,457.47,10,23,10,2,0,223.0,0
Logistics,Startup,Monthly,Self-Serve,1767.68,21,20,6,2,1,16134.0,0
Logistics,Startup,Monthly,,4259.39,19,13,7,1,0,126237.0,0
EdTech,Custom,Annual,Dedicated-CSM,1384.45,6,19,9,3,1,4249.0,0
FinTech,Growth,Monthly,Assisted,1603.07,5,28,11,1,1,46697.0,1
Logistics,Growth,Quarterly,Dedicated-CSM,3660.89,7,24,23,3,2,35401.0,1
Logistics,Custom,Quarterly,Assisted,360.4,28,15,9,0,0,8225.0,0
FinTech,Startup,Monthly,Self-Serve,2084.22,15,17,15,2,0,2171.0,0
EdTech,Growth,Monthly,Assisted,1326.3,5,25,8,2,1,34917.0,0
